39.454185,-104.57373,9000,-366.62515566625154,
39.532905,-104.644226,8825,20.556745182012847,
39.725327,-104.642626,7275,-345.2141723955579,
39.827179,-104.64179,5300,-340.8284023668639,
40.195999,-104.936401,16825,11.218229623137598,
39.475113,-104.482309,36000,0.0,
39.636158,-104.689819,9750,-272.78688524590166,
39.776513,-104.688232,6925,-325.4237288135593,
39.870667,-104.687109,5100,-101.72185430463576,
40.1561,-105.047524,17100,0.0,
40.03862,-104.750671,15100,-12.098298676748582,
39.884142,-104.501404,11900,-101.82300298309579,
39.708267,-104.502625,9750,-277.41444866920153,
39.652638,-104.570862,8050,78.68852459016394,
39.698771,-104.638245,7475,-262.2439024390244,
39.796234,-104.642148,6125,-317.96178343949043,
39.862473,-104.696483,5150,0.0,
39.883942,-104.696304,5275,710.4,
39.457581,-104.58244,11775,-238.88024883359253,
39.592346,-104.687706,10025,-16.41025641025641,
39.724365,-104.689318,8350,-405.22613065326635,
39.832515,-104.687683,6000,-338.1132075471698,
39.840709,-104.69165,5350,59.381443298969074,
39.840866,-104.720426,5375,424.52261306532665,
39.840895,-104.788635,7075,427.8992983904251,
39.843155,-104.890475,10150,367.52924494859974,
39.812576,-105.056345,13000,573.1343283582089,
39.519928,-104.83429,10975,-265.33589251439537,
39.688614,-104.705021,8675,-204.4365572315883,
39.792527,-104.688049,6575,-295.38461538461536,
39.875437,-104.687073,5100,-83.47826086956522,
40.150497,-105.038452,15850,-211.66231505657095,
39.856934,-104.696542,5375,0.0,
39.884468,-104.696228,5750,989.6907216494845,
39.912231,-104.667644,7225,452.994555353902,
39.888107,-104.603636,9175,520.9302325581396,
39.823929,-104.431856,10025,0.0,
39.764694,-104.262344,12700,605.8123443122059,
39.545975,-104.707589,10250,-244.79388015299617,
39.692184,-104.689198,8500,-400.37914691943126,
39.823903,-104.687683,5975,-300.72289156626505,
40.044662,-104.196838,16825,-12.577792335407795,
39.905975,-104.482971,11950,-333.57834948212496,
39.75752,-104.50177,10200,-343.5239206534422,
39.599854,-104.516044,8750,-248.54368932038835,
39.603758,-104.59845,7825,49.25181701581872,
39.464334,-104.517029,10950,-159.89750160153747,
39.633551,-104.644836,9050,-125.0814332247557,
39.742813,-104.688542,7500,-389.8477157360406,
39.853045,-104.687317,5425,-351.219512195122,
39.460052,-104.536166,10825,-381.2940422805894,
39.541471,-104.657349,9850,28.937452901281087,
39.655338,-104.689636,9000,-296.81159420289856,
39.785706,-104.688124,6725,-328.5561497326203,
39.870804,-104.687168,5150,-113.77777777777777,
39.656641,-104.201965,11325,-317.23052714398113,
39.804703,-104.322948,7975,-226.45324347093512,
39.867233,-104.434901,6825,19.472616632860042,
39.876709,-104.547212,6175,-476.8627450980392,
39.450368,-104.716736,11275,-316.8565815324165,
39.563736,-104.644298,9375,-247.74193548387098,
39.694348,-104.643311,8050,-337.77777777777777,
39.808727,-104.641907,5900,-187.82608695652175,
39.859981,-104.696533,5425,0.0,
39.884262,-104.696125,5475,280.8386153096051,
39.936676,-104.679993,7250,406.6802443991853,
39.976967,-104.595212,9825,573.7459978655282,
39.941215,-104.431291,14125,500.4450095359186,
39.902161,-104.304438,15950,338.79239040529365,
39.516239,-104.570862,10600,-410.2564102564103,
39.66502,-104.643677,8675,-444.0256959314775,
39.774902,-104.642387,6450,-321.91616766467064,
39.845876,-104.641541,5250,-101.94690265486726,
39.866871,-104.696411,5250,0.0,
39.884903,-104.696244,5650,1168.695652173913,
39.918549,-104.708663,7225,522.3264540337711,
39.92981,-104.80002,9550,219.42857142857142,
39.931091,-104.869202,11575,199.23901764095467,
39.937729,-105.140747,17450,435.4521038495971,
40.098655,-104.894714,14775,-259.4594594594595,
39.970822,-104.617434,11650,-260.2409638554217,
39.966385,-104.355225,9850,0.0,
39.918404,-104.303467,9100,-238.04726850058114,
39.875656,-104.418481,7425,-281.8348623853211,
39.87674,-104.551147,6150,-308.14814814814815,
39.877396,-104.638267,5100,-38.4,
39.450042,-104.709778,10250,-264.645072363887,
39.605154,-104.690125,9825,16.340425531914892,
39.741669,-104.688601,7525,-386.031746031746,
39.847878,-104.687439,5500,-386.5771812080537,
40.039952,-104.206883,15450,-212.448132780083,
39.891541,-104.496042,12000,-230.26455026455025,
39.694977,-104.503207,9550,-224.12451361867704,
39.585983,-104.5333,8275,-285.03092783505156,
39.58942,-104.624634,7825,-20.104712041884817,
39.732605,-104.642984,7125,-337.5824175824176,
39.835419,-104.64173,5175,-160.95808383233532,
39.465823,-104.50769,12300,-311.43552311435525,
39.605806,-104.591614,8725,-315.65967940813806,
39.748209,-104.6427,7000,-204.25531914893617,
39.841232,-104.641611,5300,-49.87012987012987,
39.840866,-104.714156,5375,415.13513513513516,
39.84136,-104.770813,6975,309.6774193548387,
39.843338,-104.852799,9450,665.8064516129032,
39.84407,-104.971977,10900,494.07540394973074,
39.841599,-105.130144,15500,631.390134529148,
39.984415,-104.822304,13150,-249.96900185988838,
39.792993,-104.808838,10800,-29.190421892816417,
39.52652,-104.813511,9825,30.634224172317513,
39.507523,-104.73189,9825,-15.757078375051293,
39.636337,-104.689915,9625,-310.33602722245854,
39.780656,-104.68811,6800,-347.2340425531915,
39.873138,-104.687109,5125,-73.84615384615384,
40.040314,-104.206299,16075,-288.53315909833384,
39.889961,-104.494873,11900,-207.49746707193515,
39.694628,-104.503235,9675,-300.0,
39.637939,-104.560945,8300,-122.01543349977302,
39.694977,-104.642566,7850,37.75811209439528,
39.797787,-104.642151,5875,-329.81595092024537,
40.119556,-104.266496,15475,-204.39121756487023,
39.877853,-104.499027,11800,-214.30066271363796,
39.657349,-104.504162,8800,-151.77865612648222,
39.496033,-104.53945,8825,-48.5256950294861,
39.574493,-104.641193,8800,-33.89232127096205,
39.720108,-104.643044,7375,-335.73770491803276,
39.82489,-104.64179,5375,-303.1578947368421,
40.125701,-105.073742,16225,-261.301775147929,
39.89443,-104.884033,12725,-213.4914751667902,
39.754494,-104.810852,10675,-300.0,
39.641281,-104.799062,9275,-171.2756467439786,
39.657432,-104.708313,7975,18.7683284457478,
39.772293,-104.688303,7075,-355.55555555555554,
39.869431,-104.687109,5250,-107.41258741258741,
39.865428,-104.696472,5250,0.0,
39.888199,-104.696483,6350,1093.6708860759493,
39.900467,-104.732248,7550,366.71214188267396,
39.871948,-104.815004,9725,718.8979159307664,
39.836379,-104.93811,13050,558.5886722376973,
39.791519,-105.161013,19250,573.8060357456783,
39.670095,-104.689453,8900,-291.42857142857144,
39.792201,-104.688049,6575,-285.25714285714287,
39.873459,-104.687109,5075,-92.16,
39.790898,-105.203003,35000,0.0,
39.958191,-104.444458,35000,0.0,
40.006109,-104.386846,13725,-203.37636544190664,
39.797881,-104.500854,10850,-161.83908045977012,
39.568518,-104.507141,8825,30.99273607748184,
39.545151,-104.589008,8825,0.0,
39.605247,-104.643738,8825,20.835594139989148,
39.762589,-104.642566,6575,-331.0344827586207,
39.844299,-104.641611,5175,-35.22935779816514,
40.046097,-104.193899,15375,-207.91878172588832,
39.885026,-104.496155,11900,-229.29399367755533,
39.644714,-104.504461,9575,-256.9067296340024,
39.535858,-104.536405,8825,-49.02127659574468,
39.56889,-104.643433,8825,0.0,
39.747418,-104.6427,6850,-368.8135593220339,
39.843796,-104.641611,5150,-27.82608695652174,
40.147888,-105.03363,15575,-210.53914102954613,
39.951596,-104.804015,12225,-182.67074413863403,
39.894836,-104.806346,11525,-206.7990575563783,
39.880829,-104.806704,11475,156.15045747204337,
39.866592,-104.807068,11425,-192.0,
39.852393,-104.807373,11150,-278.81188118811883,
39.838623,-104.8076,11100,0.0,
39.824136,-104.8078,11100,0.0,
39.688669,-104.803284,9750,-123.82103990326482,
39.67461,-104.73938,9175,-549.3308721735118,
39.750351,-104.688599,7300,-314.75409836065575,
39.864869,-104.687256,5425,-274.2857142857143,
39.859726,-104.696542,5250,35.55555555555556,
39.876135,-104.696289,5275,377.7049180327869,
39.908981,-104.701677,7025,447.00665188470066,
39.908861,-104.753113,7800,447.900466562986,
39.778976,-104.900685,9875,-27.08994708994709,
39.732468,-105.076228,12475,605.8946114915153,
39.523921,-104.776794,9950,-238.41059602649008,
39.68555,-104.68927,8650,-405.22613065326635,
39.807678,-104.687885,6275,-342.85714285714283,
39.880464,-104.687012,5150,0.0,
39.840729,-104.691288,5425,0.0,
39.841095,-104.733144,6225,993.8823529411765,
39.863297,-104.781089,7625,405.69591180523656,
39.906464,-104.854172,10225,771.859296482412,
39.935629,-105.011007,14725,765.409383624655,
40.113365,-104.988036,14725,-190.15784586815226,
39.950618,-104.805013,12000,-202.70537776311446,
39.777832,-104.808973,10700,-33.967271118973905,
39.699692,-104.784732,9250,-378.494623655914,
39.711548,-104.700662,7950,-267.8624813153961,
39.804724,-104.6875,6550,-396.38709677419354,
39.875669,-104.687073,5425,-80.84210526315789,
39.840848,-104.713501,5425,339.4475138121547,
39.827907,-104.774658,7100,318.6721991701245,
39.792248,-104.865906,9325,865.1646447140381,
39.7397,-104.913702,11750,732.1033210332104,
39.571218,-104.953735,17925,636.144578313253,
39.568192,-104.644897,9500,-141.5668202764977,
39.730911,-104.642984,7250,-342.85714285714283,
39.834549,-104.641671,5250,-135.2112676056338,
39.840729,-104.690572,5425,42.1978021978022,
39.841034,-104.729614,6275,988.0701754385965,
39.819809,-104.793389,8125,388.7323943661972,
39.780423,-104.889404,9950,259.0219224283305,
39.730591,-105.081303,13525,617.1428571428571,
39.548264,-104.772133,10150,-92.88182446440914,
39.665634,-104.692303,9200,69.65986394557824,
39.785248,-104.688124,6950,-305.67164179104475,
39.873109,-104.687073,5400,-26.301369863013697,
39.877438,-104.642822,5325,21.942857142857143,
39.876938,-104.618205,6575,1348.1075150850245,
39.871765,-104.542256,8850,250.26476578411405,
39.862216,-104.438354,10950,635.8013120899718,
39.818207,-104.293093,15950,460.9418282548477,
39.465958,-104.593068,8950,-30.793905372894947,
39.625717,-104.644178,8950,0.0,
39.753937,-104.642686,6825,-293.5031847133758,
39.842331,-104.641551,5225,-61.935483870967744,
39.864171,-104.696472,5200,55.25179856115108,
39.888931,-104.697438,6550,900.2009377093101,
39.897921,-104.73175,7500,242.27129337539432,
39.873016,-104.770264,8375,607.8458362009635,
39.787406,-104.887695,9900,-11.587205793602898,
39.75975,-104.976156,11650,941.4479376982982,
39.710688,-105.142761,18075,616.3537250151423,
39.534164,-104.748011,9700,-192.88405190456257,
39.643793,-104.690002,8825,-21.20375483158476,
39.797653,-104.687944,6500,-304.390243902439,
39.875839,-104.687049,5100,-32.82051282051282,
39.731078,-104.165039,10350,-253.1868131868132,
39.85351,-104.259033,8850,0.0,
39.875244,-104.397225,8400,-300.0,
39.876663,-104.558616,6050,-323.94548994159635,
39.877392,-104.63678,5075,-75.29411764705883,
39.479507,-104.844559,12075,-334.9260523321957,
39.569775,-104.775574,10050,-253.9089848308051,
39.67191,-104.704102,8100,0.0,
39.775772,-104.688243,7075,-277.3333333333333,
39.855331,-104.687288,5600,-367.05882352941177,
39.859909,-104.696542,5250,33.68421052631579,
39.876135,-104.696289,5300,569.6703296703297,
39.912166,-104.695496,7200,517.7528089887641,
39.966307,-104.694526,8350,336.57370517928285,
40.084305,-104.717651,10375,261.9032153296525,
40.260656,-104.807573,15450,365.7142857142857,
40.021704,-104.712566,12825,0.0,
39.893033,-104.502991,11525,-219.84732824427482,
39.676392,-104.480339,9475,-148.60681114551085,
39.533324,-104.50647,8925,-79.37164117403886,
39.550642,-104.638489,8825,0.0,
39.718689,-104.643104,7400,-320.0,
39.817153,-104.641907,5525,-330.5960264900662,
39.840709,-104.690491,5425,31.64835164835165,
39.84082,-104.720665,5700,865.664739884393,
39.839638,-104.77533,7100,331.9884726224784,
39.842651,-104.854172,8550,442.9220552254456,
39.839767,-104.927375,11375,475.4156349487089,
39.793213,-105.153968,16825,494.7584187408492,
39.565247,-104.69081,9850,0.0,
39.701983,-104.689087,8350,-307.2,
39.816874,-104.687744,6125,-308.3211678832117,
39.856796,-104.696542,5250,42.666666666666664,
39.870968,-104.696411,5225,323.855421686747,
39.901886,-104.703767,6825,397.9274611398964,
39.90132,-104.748535,7425,345.6751467710372,
39.854416,-104.870294,9900,13.817920115149336,
39.84555,-105.025574,11850,688.348271446863,
39.473877,-104.740906,11700,-280.9756097560976,
39.581451,-104.690452,10375,-116.8695652173913,
39.738806,-104.68866,7625,-352.86486486486484,
39.848203,-104.687378,5525,-281.6,
39.489899,-104.466307,36000,0.0,
39.821091,-104.236132,8825,0.0,
39.875198,-104.400031,8350,-138.3783783783784,
39.87674,-104.560364,6025,-372.3636363636364,
40.071213,-104.261047,34000,0.0,
39.452509,-104.726929,10425,-142.59190493873004,
39.58928,-104.690552,9825,0.0,
39.765198,-104.688303,7100,-308.02139037433153,
39.864124,-104.687195,5200,-301.1764705882353,
40.149769,-105.037037,17275,-287.7174203906877,
39.959836,-104.806761,13125,-252.0,
39.780441,-104.808914,11100,-32.12045169385195,
39.701248,-104.787359,9600,-311.0571081409477,
39.712234,-104.699767,8325,-281.06129917657825,
39.805888,-104.687805,6650,-340.8284023668639,
39.87553,-104.687073,5350,-57.744360902255636,
39.877396,-104.64179,5350,0.0,
39.876663,-104.59462,6625,614.4,
39.876572,-104.52715,7600,385.4275092936803,
39.853775,-104.372028,11150,455.00467726847523,
39.958511,-104.158752,10850,-388.82138517618466,
39.874087,-104.29541,9850,82.72296423955191,
39.87616,-104.487922,7100,-304.76190476190476,
39.877258,-104.619996,5125,-218.73417721518987,
39.455475,-104.57623,9025,-272.5552050473186,
39.610694,-104.644165,8925,0.0,
39.753377,-104.6427,6825,-264.0,
39.840522,-104.641602,5200,-78.9041095890411,
39.861424,-104.696472,5225,0.0,
39.884308,-104.696423,6000,1034.7305389221558,
39.916443,-104.709201,7425,316.1259079903148,
39.931091,-104.783081,9275,367.05882352941177,
39.934046,-104.981044,11375,690.3991370010787,
39.938828,-105.204773,17725,288.22927328556807,
39.957413,-104.78717,10900,-226.5486725663717,
39.734894,-104.745921,9775,-294.20386409060626,
39.636017,-104.698035,7975,-83.02702702702703,
39.679367,-104.642387,7850,-17.92717086834734,
39.79397,-104.64209,5975,-480.0,
39.454926,-104.573902,9025,-265.74394463667824,
39.53244,-104.644104,8850,0.0,
39.726981,-104.643005,7250,-297.01657458563534,
39.830793,-104.641724,5250,-360.0,
39.478998,-104.879639,12125,-162.83731688511952,
39.586254,-104.766724,9800,-109.80392156862744,
39.690997,-104.691528,8375,-391.62640901771334,
39.81189,-104.687885,6425,-333.9130434782609,
39.877112,-104.687073,5350,-72.45283018867924,
39.864212,-104.696483,5350,28.235294117647058,
39.882931,-104.69635,5600,830.2702702702703,
39.919103,-104.659363,7125,344.61538461538464,
39.903089,-104.566284,9325,230.18335684062058,
39.85784,-104.321106,10500,217.02127659574467,
39.493103,-104.626282,8850,0.0,
39.627365,-104.64388,8825,0.0,
39.767303,-104.642447,6475,-340.8284023668639,
39.449158,-104.717651,9825,-63.235899547138736,
39.554133,-104.691162,9825,-40.20942408376963,
39.741459,-104.688599,7550,-347.2340425531915,
39.844666,-104.687378,5575,-299.2207792207792,
39.461634,-104.804382,10925,-204.50634985661614,
39.640767,-104.727356,9050,-119.41359395824078,
39.712967,-104.690213,8525,-397.10444674250255,
39.796763,-104.68811,6475,-468.2926829268293,
39.447296,-104.69397,10875,-320.56239015817226,
39.652638,-104.68988,9325,-185.5072463768116,
39.76767,-104.688422,7125,-359.136690647482,
39.866964,-104.687134,5250,-175.87786259541986,
39.883723,-104.686768,5300,181.13207547169813,
39.862747,-104.696483,5225,-31.475409836065573,
39.893509,-104.696423,6200,734.8148148148148,
39.962448,-104.694885,8175,336.546888694128,
40.06517,-104.674011,10625,454.8864758144127,
40.116391,-104.269992,15625,-213.8335287221571,
39.89122,-104.497893,12000,-201.89274447949526,
39.723175,-104.510253,9475,-315.7400156617071,
39.699829,-104.602144,8050,-319.21760391198046,
39.763916,-104.642686,6575,-325.8181818181818,
39.844482,-104.641611,5150,-32.82051282051282,
39.877487,-104.653015,5175,-36.57142857142857,
40.042373,-104.202139,15675,-210.3770544634225,
39.883397,-104.498535,12125,-208.837525492862,
39.708919,-104.504333,9550,-380.80126933756446,
39.68573,-104.597666,8025,-147.62921828278513,
39.74382,-104.642984,7300,-396.85039370078744,
39.810915,-104.642029,5800,-386.41509433962267,
39.855093,-104.696594,5375,59.07692307692308,
39.872955,-104.696363,5350,-23.272727272727273,
39.911865,-104.690393,6600,587.0321560358461,
39.910812,-104.638625,7400,620.4366812227074,
39.871216,-104.550496,8850,163.05732484076432,
39.793259,-104.347667,10600,209.83606557377047,
39.476257,-104.612712,10775,-202.18712029161603,
39.61223,-104.690247,9225,-211.52542372881356,
39.736664,-104.688599,7800,-260.0,
39.848969,-104.687347,5675,-329.14285714285717,
39.879501,-104.687049,5350,0.0,
39.858261,-104.696542,5300,-38.78787878787879,
39.875902,-104.69635,5500,966.0377358490566,
39.908752,-104.695945,7050,286.73176335439405,
39.962396,-104.694276,8400,178.98305084745763,
40.050799,-104.698583,10425,404.2105263157895,
40.224289,-104.72876,14625,475.75221238938053,
40.053778,-104.777922,13500,-237.55458515283843,
39.968628,-104.519897,10850,-14.826254826254827,
39.956391,-104.303263,9850,-16.114141838019304,
39.883816,-104.308105,8850,0.0,
39.876205,-104.452574,6825,-38.5929648241206,
39.877066,-104.584412,5675,-426.6666666666667,
39.877531,-104.657654,5175,-51.2,
39.484258,-104.452454,13175,-150.9649749821301,
39.537872,-104.525001,11950,-83.66013071895425,
39.634249,-104.584839,10075,-126.47179909427747,
39.700195,-104.624415,8200,-484.5425867507887,
39.75333,-104.642029,6900,-141.99683042789223,
39.840088,-104.641551,5400,-57.3134328358209,
39.877485,-104.654297,5425,-36.57142857142857,
39.877396,-104.632953,5550,1016.4705882352941,
39.869571,-104.59021,7025,118.15384615384616,
39.84581,-104.511805,8700,168.62275449101796,
39.810059,-104.403255,10775,467.02702702702703,
39.696304,-104.365639,14275,369.10401647785784,
39.51265,-104.475443,18525,395.9963603275705,
39.508163,-104.692542,9925,0.0,
39.690997,-104.688904,8625,-323.855421686747,
39.812265,-104.687805,6300,-301.7142857142857,
39.87688,-104.687073,5250,0.0,
39.855652,-104.696542,5225,0.0,
39.866359,-104.696411,5225,0.0,
39.893784,-104.695886,6500,926.8965517241379,
39.946152,-104.694824,7850,612.1739130434783,
40.017886,-104.69334,9200,522.8233608025797,
40.150635,-104.598755,13025,423.78908645003065,
39.928134,-104.260504,8400,-385.929648241206,
39.879207,-104.405945,6850,0.0,
39.876787,-104.565674,5950,-295.38461538461536,
39.877392,-104.637085,5150,40.851063829787236,
39.877441,-104.648776,5150,-30.236220472440944,
39.464473,-104.548218,11675,-198.14241486068113,
39.588135,-104.688601,10025,-13.70938950374866,
39.694199,-104.689198,8575,-235.96886521917247,
39.808456,-104.687944,6425,-351.219512195122,
39.875716,-104.687073,5300,-33.391304347826086,
39.840848,-104.713806,5325,21.0989010989011,
39.841174,-104.766052,6700,371.44173192077386,
39.842338,-104.836304,8900,300.0,
39.836845,-104.934509,10425,909.5777548918641,
39.805069,-105.095394,14725,528.0717488789238,
39.512655,-104.729431,9925,-207.39509763190694,
39.680522,-104.689392,8700,-278.00904977375563,
39.811148,-104.687805,6200,-365.7142857142857,
39.878183,-104.687012,5125,-68.57142857142857,
39.877299,-104.624329,5325,580.0,
39.865102,-104.556763,7100,327.36572890025576,
39.854814,-104.696594,5350,0.0,
39.873249,-104.69635,5325,-23.132530120481928,
39.912003,-104.691228,6600,516.6846071044133,
39.913925,-104.640417,7300,722.9781771501926,
39.875297,-104.559937,9200,248.45434938892885,
39.809938,-104.371887,10075,77.05685618729098,
39.471497,-104.681556,10075,-31.552999178307314,
39.646353,-104.689697,9525,-278.2608695652174,
39.790329,-104.688064,6750,-325.8181818181818,
39.871811,-104.687168,5350,-32.54237288135593,
39.88363,-104.68689,5375,97.70992366412214,
39.840802,-104.70697,5325,47.701863354037265,
39.847275,-104.759893,6725,389.12,
39.884747,-104.829468,8550,498.5051140833989,
39.875111,-104.942322,9975,66.99232379623167,
39.847961,-105.129547,12875,560.7699966810487,
39.992661,-104.834351,13525,-208.8469905728789,
39.8741,-104.582798,10825,14.61187214611872,
39.791503,-104.5047,10075,-332.20605583955955,
39.580856,-104.517358,7825,0.0,
39.549545,-104.61928,7825,33.160621761658035,
39.668198,-104.643581,7825,-34.5945945945946,
39.773621,-104.642447,6325,-286.2111801242236,
39.850857,-104.641479,5175,-65.08474576271186,
39.857529,-104.696542,5375,0.0,
39.879254,-104.696289,5550,723.7696335078534,
39.912003,-104.680421,7100,323.6489836390679,
39.902483,-104.631165,8000,828.6644951140065,
39.869751,-104.552645,9825,432.6391259815637,
39.836746,-104.463322,11725,277.80335415981585,
39.801232,-104.261475,13125,122.96943231441048,
40.06929,-104.801453,13450,-265.78393018356905,
39.969658,-104.581417,10800,-66.20689655172414,
39.950525,-104.411378,9000,-183.6644591611479,
39.875018,-104.430542,7725,-100.30474531998259,
39.876755,-104.563035,5975,-308.14814814814815,
39.840709,-104.693604,5200,0.0,
39.840683,-104.738816,6175,819.2,
39.813988,-104.807922,7700,605.6782334384858,
39.450042,-104.709778,10250,-264.645072363887,
39.605154,-104.690125,9825,16.340425531914892,
39.741669,-104.688601,7525,-386.031746031746,
39.847878,-104.687439,5500,-386.5771812080537,
39.840802,-104.706482,5175,72.45283018867924,
39.83326,-104.755737,6800,347.6038338658147,
39.814034,-104.805481,8500,758.6888190390661,
39.656641,-104.201965,11325,-317.23052714398113,
39.804703,-104.322948,7975,-226.45324347093512,
39.867233,-104.434901,6825,19.472616632860042,
39.876709,-104.547212,6175,-476.8627450980392,
39.454046,-104.57373,9000,-340.9200968523002,
39.560989,-104.645134,8900,0.0,
39.708035,-104.643188,7650,-331.0344827586207,
39.810496,-104.642029,5700,-341.3333333333333,
40.126353,-104.259442,16750,-111.51984511132625,
39.899368,-104.496102,11950,-248.40182648401824,
39.740753,-104.502252,9325,-448.2490272373541,
39.496455,-104.511963,8850,-46.35814889336016,
39.48912,-104.60298,8825,-49.676584734799484,
39.614465,-104.644165,8800,-77.1859296482412,
39.758637,-104.642578,6625,-392.258064516129,
39.841919,-104.641611,5125,-57.744360902255636,
39.465823,-104.50769,12300,-311.43552311435525,
39.605806,-104.591614,8725,-315.65967940813806,
39.748209,-104.6427,7000,-204.25531914893617,
39.841232,-104.641611,5300,-49.87012987012987,
39.840866,-104.714156,5375,415.13513513513516,
39.84136,-104.770813,6975,309.6774193548387,
39.843338,-104.852799,9450,665.8064516129032,
39.84407,-104.971977,10900,494.07540394973074,
39.841599,-105.130144,15500,631.390134529148,
39.984415,-104.822304,13150,-249.96900185988838,
39.792993,-104.808838,10800,-29.190421892816417,
39.52652,-104.813511,9825,30.634224172317513,
39.507523,-104.73189,9825,-15.757078375051293,
39.636337,-104.689915,9625,-310.33602722245854,
39.780656,-104.68811,6800,-347.2340425531915,
39.873138,-104.687109,5125,-73.84615384615384,
39.499434,-104.415344,10100,-354.7671840354767,
39.562637,-104.570379,8825,-64.53781512605042,
39.686155,-104.643005,7825,0.0,
39.781494,-104.642334,6175,-195.6687898089172,
40.119556,-104.266496,15475,-204.39121756487023,
39.877853,-104.499027,11800,-214.30066271363796,
39.657349,-104.504162,8800,-151.77865612648222,
39.496033,-104.53945,8825,-48.5256950294861,
39.574493,-104.641193,8800,-33.89232127096205,
39.720108,-104.643044,7375,-335.73770491803276,
39.82489,-104.64179,5375,-303.1578947368421,
40.125701,-105.073742,16225,-261.301775147929,
39.89443,-104.884033,12725,-213.4914751667902,
39.754494,-104.810852,10675,-300.0,
39.641281,-104.799062,9275,-171.2756467439786,
39.657432,-104.708313,7975,18.7683284457478,
39.772293,-104.688303,7075,-355.55555555555554,
39.869431,-104.687109,5250,-107.41258741258741,
39.865428,-104.696472,5250,0.0,
39.888199,-104.696483,6350,1093.6708860759493,
39.900467,-104.732248,7550,366.71214188267396,
39.871948,-104.815004,9725,718.8979159307664,
39.836379,-104.93811,13050,558.5886722376973,
39.791519,-105.161013,19250,573.8060357456783,
39.670095,-104.689453,8900,-291.42857142857144,
39.792201,-104.688049,6575,-285.25714285714287,
39.873459,-104.687109,5075,-92.16,
39.803421,-105.167641,35000,0.0,
39.960754,-104.429077,35000,0.0,
39.989548,-104.404419,13450,-190.66534260178747,
39.786758,-104.501117,10700,-193.48837209302326,
39.565796,-104.508222,8825,15.490116982654296,
39.544497,-104.598999,8825,0.0,
39.611066,-104.64386,8825,0.0,
39.767624,-104.642506,6475,-386.2721893491124,
39.844805,-104.641602,5175,-39.58762886597938,
40.127884,-104.257751,15475,-204.25531914893617,
39.889402,-104.498108,11575,-275.7630161579892,
39.707794,-104.502968,8850,0.0,
39.525038,-104.540039,8850,15.927001244296973,
39.595963,-104.639581,8850,0.0,
39.701111,-104.643283,7700,-330.3225806451613,
39.815506,-104.641909,5525,-364.55696202531647,
39.448288,-104.726576,10475,-184.20664206642067,
39.593033,-104.690393,9800,-82.75862068965517,
39.768906,-104.688362,7025,-308.02139037433153,
39.871805,-104.687134,5150,-69.39759036144578,
39.454468,-104.573902,9150,-288.36045056320404,
39.587883,-104.644897,8950,0.0,
39.744644,-104.642686,7000,-344.61538461538464,
39.841782,-104.641551,5225,-79.44827586206897,
39.865567,-104.696472,5225,0.0,
39.891869,-104.69635,6300,943.1578947368421,
39.945172,-104.694776,8000,361.4522635589422,
40.02919,-104.694275,9925,109.98925886143931,
40.097491,-104.724364,10725,487.79911373707534,
40.182907,-104.925537,16575,-237.10673331373124,
39.915894,-104.80563,11975,-288.53315909833384,
39.698914,-104.812735,9950,-291.84,
39.668233,-104.739075,8850,0.0,
39.733749,-104.688303,7825,-432.67605633802816,
39.833359,-104.687586,5775,-295.38461538461536,
39.879393,-104.687012,5125,-69.81818181818181,
40.150497,-105.038452,15850,-211.66231505657095,
39.946701,-104.805542,12700,-210.2415458937198,
39.7247,-104.810364,9825,-340.64516129032256,
39.663162,-104.791956,8825,-15.737704918032787,
39.693008,-104.710455,8025,-353.48837209302326,
39.805236,-104.687927,6350,-364.55696202531647,
39.876297,-104.687049,5150,-36.22641509433962,
39.46587,-104.570496,35950,0.0,
40.143036,-104.391113,33000,0.0,
39.561535,-104.586914,8300,-369.4939415538132,
39.64491,-104.647827,7825,-36.277751535191314,
39.748768,-104.642273,6775,-44.39306358381503,
39.842468,-104.641611,5150,-60.95238095238095,
40.046097,-104.193899,15375,-207.91878172588832,
39.885026,-104.496155,11900,-229.29399367755533,
39.644714,-104.504461,9575,-256.9067296340024,
39.535858,-104.536405,8825,-49.02127659574468,
39.56889,-104.643433,8825,0.0,
39.747418,-104.6427,6850,-368.8135593220339,
39.843796,-104.641611,5150,-27.82608695652174,
39.460052,-104.536166,10825,-381.2940422805894,
39.541471,-104.657349,9850,28.937452901281087,
39.655338,-104.689636,9000,-296.81159420289856,
39.785706,-104.688124,6725,-328.5561497326203,
39.870804,-104.687168,5150,-113.77777777777777,
39.731078,-104.165039,10350,-253.1868131868132,
39.85351,-104.259033,8850,0.0,
39.875244,-104.397225,8400,-300.0,
39.876663,-104.558616,6050,-323.94548994159635,
39.877392,-104.63678,5075,-75.29411764705883,
39.840729,-104.690572,5425,42.1978021978022,
39.841034,-104.729614,6275,988.0701754385965,
39.819809,-104.793389,8125,388.7323943661972,
39.779526,-104.891908,9975,231.40274522932708,
39.728052,-105.089111,13750,535.7079252003563,
39.563324,-104.761684,10050,-108.47457627118645,
39.667348,-104.691833,9200,-35.084513476473276,
39.790618,-104.688049,6850,-274.2857142857143,
39.874645,-104.687073,5375,-56.470588235294116,
39.877396,-104.64173,5325,64.35754189944134,
39.876846,-104.616414,6675,1354.0495867768595,
39.871712,-104.540161,8875,230.95429029671212,
39.861053,-104.434542,11100,708.0,
39.817246,-104.289612,16025,377.048174286591,
39.469849,-104.598442,8950,-15.686274509803921,
39.629745,-104.644119,8950,17.94392523364486,
39.75887,-104.642639,6750,-252.6315789473684,
39.843155,-104.641551,5225,-64.0,
39.864823,-104.696472,5175,54.08450704225352,
39.890442,-104.698274,6625,708.7673038892551,
39.897456,-104.733032,7525,204.70901821412707,
39.870968,-104.772949,8475,695.3194396993509,
39.782611,-104.895142,9900,-23.209428830462375,
39.758926,-104.979918,11825,955.2791437662713,
39.706604,-105.155281,18475,602.8985507246377,
39.549454,-104.737025,9400,-341.11675126903555,
39.676659,-104.689331,8775,-149.33333333333334,
39.805608,-104.687866,6325,-346.83870967741933,
39.877206,-104.687073,5100,-73.14285714285714,
39.479507,-104.844559,12075,-334.9260523321957,
39.569775,-104.775574,10050,-253.9089848308051,
39.67191,-104.704102,8100,0.0,
39.775772,-104.688243,7075,-277.3333333333333,
39.855331,-104.687288,5600,-367.05882352941177,
39.859909,-104.696542,5250,33.68421052631579,
39.876135,-104.696289,5300,569.6703296703297,
39.912166,-104.695496,7200,517.7528089887641,
39.966307,-104.694526,8350,336.57370517928285,
40.084305,-104.717651,10375,261.9032153296525,
40.260656,-104.807573,15450,365.7142857142857,
40.021704,-104.712566,12825,0.0,
39.893033,-104.502991,11525,-219.84732824427482,
39.676392,-104.480339,9475,-148.60681114551085,
39.533324,-104.50647,8925,-79.37164117403886,
39.550642,-104.638489,8825,0.0,
39.718689,-104.643104,7400,-320.0,
39.817153,-104.641907,5525,-330.5960264900662,
39.856796,-104.696542,5250,42.666666666666664,
39.870968,-104.696411,5225,323.855421686747,
39.901886,-104.703767,6825,397.9274611398964,
39.90132,-104.748535,7425,345.6751467710372,
39.854416,-104.870294,9900,13.817920115149336,
39.84555,-105.025574,11850,688.348271446863,
39.473877,-104.740906,11700,-280.9756097560976,
39.581451,-104.690452,10375,-116.8695652173913,
39.738806,-104.68866,7625,-352.86486486486484,
39.848203,-104.687378,5525,-281.6,
39.489899,-104.466307,36000,0.0,
39.821948,-104.236877,8825,0.0,
39.875198,-104.400031,8350,-138.3783783783784,
39.87674,-104.560364,6025,-372.3636363636364,
39.858536,-104.696542,5400,0.0,
39.878174,-104.696304,5450,410.6951871657754,
39.932882,-104.695088,7450,424.4113407015858,
40.009186,-104.692444,9250,462.97872340425533,
40.1318,-104.742217,12250,560.4203152364273,
40.105684,-104.914065,15325,-176.52467054857493,
39.921387,-104.536465,12000,-263.61556064073227,
39.802322,-104.500699,10700,-384.0,
39.687012,-104.518492,8125,-47.05882352941176,
39.688385,-104.614503,8000,-138.1294964028777,
39.776327,-104.642456,6500,-297.46478873239437,
39.843842,-104.641611,5350,-121.26315789473684,
39.868221,-104.696411,5350,24.774193548387096,
39.907558,-104.696045,6825,394.3783783783784,
39.963593,-104.693665,8350,471.74447174447175,
40.077209,-104.735596,11425,342.5407566902491,
39.972885,-104.347107,13075,-209.1376701966717,
39.88605,-104.497864,11350,-330.3509979353062,
39.727478,-104.507625,9325,-404.5380875202593,
39.699469,-104.598999,7475,-384.91646778042957,
39.751189,-104.642395,6750,-328.5561497326203,
39.83638,-104.641671,5150,-103.78378378378379,
39.781769,-104.642506,6350,-444.8780487804878,
39.848785,-104.641491,5350,-39.183673469387756,
39.861786,-104.696483,5350,-30.72,
39.881954,-104.696045,5975,1021.7821782178219,
39.892009,-104.648438,7150,332.998630762209,
39.864441,-104.516343,9500,406.418572891772,
39.768739,-104.262878,13700,312.80898876404495,
39.537933,-104.644836,8825,-17.43077621425329,
39.668381,-104.643283,8450,-297.01657458563534,
39.790237,-104.642208,6025,-332.8,
39.854023,-104.641541,5175,-64.0,
40.048096,-104.189636,15750,-229.7872340425532,
39.890625,-104.494191,11475,-213.2636393335511,
39.683921,-104.503601,9725,-196.30357845064884,
39.654282,-104.598263,8275,-294.3192064923354,
39.689392,-104.646029,7300,-328.7009063444109,
39.792201,-104.642212,6000,-358.4,
39.501017,-104.418213,10400,-270.0,
39.616608,-104.586022,7250,-318.98734177215186,
39.718689,-104.643104,6825,-20.09419152276295,
39.836197,-104.641671,5175,-210.73170731707316,
40.046677,-104.192444,15425,-206.72947510094212,
39.884468,-104.496277,11900,-215.73033707865167,
39.706871,-104.502991,8775,-354.69879518072287,
39.654282,-104.577962,7825,-38.03863298662704,
40.147888,-105.03363,15575,-210.53914102954613,
39.951596,-104.804015,12225,-182.67074413863403,
39.894836,-104.806346,11525,-206.7990575563783,
39.880829,-104.806704,11475,156.15045747204337,
39.866592,-104.807068,11425,-192.0,
39.852393,-104.807373,11150,-278.81188118811883,
39.838623,-104.8076,11100,0.0,
39.824136,-104.8078,11100,0.0,
39.688669,-104.803284,9750,-123.82103990326482,
39.67461,-104.73938,9175,-549.3308721735118,
39.750351,-104.688599,7300,-314.75409836065575,
39.864869,-104.687256,5425,-274.2857142857143,
39.859726,-104.696542,5250,35.55555555555556,
39.876135,-104.696289,5275,377.7049180327869,
39.908981,-104.701677,7025,447.00665188470066,
39.908861,-104.753113,7800,447.900466562986,
39.778976,-104.900685,9875,-27.08994708994709,
39.732468,-105.076228,12475,605.8946114915153,
39.523921,-104.776794,9950,-238.41059602649008,
39.68555,-104.68927,8650,-405.22613065326635,
39.807678,-104.687885,6275,-342.85714285714283,
39.880464,-104.687012,5150,0.0,
39.87648,-104.696363,5150,83.47826086956522,
39.917008,-104.693909,6675,351.0411376333164,
39.947406,-104.610818,7750,46.88644688644689,
40.126353,-104.259442,16750,-111.51984511132625,
39.899368,-104.496102,11950,-248.40182648401824,
39.740753,-104.502252,9325,-448.2490272373541,
39.496455,-104.511963,8850,-46.35814889336016,
39.48912,-104.60298,8825,-49.676584734799484,
39.614465,-104.644165,8800,-77.1859296482412,
39.758637,-104.642578,6625,-392.258064516129,
39.841919,-104.641611,5125,-57.744360902255636,
40.119603,-104.266496,16775,-37.19728769777204,
39.898713,-104.494629,11600,-251.63826998689385,
39.718742,-104.502747,9050,-327.4418604651163,
39.5323,-104.531189,8825,47.1937730438345,
39.556458,-104.633132,8800,-16.923754958131337,
39.669257,-104.643738,8350,-343.24022346368713,
39.790805,-104.642212,6000,-325.8181818181818,
40.057689,-104.332352,14525,-336.4612775579423,
39.877438,-104.499939,12425,-340.01713796058266,
39.688843,-104.503326,10725,-311.35135135135135,
39.622937,-104.542114,8925,-424.2225859247136,
39.657028,-104.612473,7075,-206.36626705250103,
39.746567,-104.642686,7025,-236.30769230769232,
39.838614,-104.641663,5325,-23.558282208588956,
39.840941,-104.722107,5475,233.90862944162436,
39.841593,-104.772095,6900,172.97297297297297,
39.842789,-104.859188,9125,170.0369003690037,
39.84375,-104.941108,10450,550.033311125916,
39.847878,-105.105469,14300,435.3221957040573,
39.524526,-104.700317,10000,0.0,
39.699188,-104.689318,8475,-341.6949152542373,
39.822972,-104.687683,6150,-323.855421686747,
39.877533,-104.687049,5300,-66.20689655172414,
39.868454,-104.696411,5250,24.615384615384617,
39.889069,-104.696423,5825,1205.1063829787233,
39.914401,-104.719177,7025,470.86680761099365,
39.881378,-104.807063,9875,620.6896551724138,
39.829629,-104.97229,12875,164.47744146202172,
39.492554,-104.747533,10650,-233.87894937190714,
39.629548,-104.690002,9750,-179.74468085106383,
39.781448,-104.688232,6775,-323.36842105263156,
39.874512,-104.687109,5100,-52.602739726027394,
40.148666,-105.036621,17700,-265.6025538707103,
39.984136,-104.650893,13825,-232.9390354868062,
39.821365,-104.50052,11100,-124.31654676258992,
39.666138,-104.547869,8300,-104.14567996900425,
39.664169,-104.612473,7875,-132.8719723183391,
39.770737,-104.642566,6550,-340.8284023668639,
39.845123,-104.641551,5300,-94.42622950819673,
39.877396,-104.641551,5225,-25.098039215686274,
39.875336,-104.599755,6250,613.1736526946107,
39.84819,-104.513059,8325,861.5860735009671,
39.823903,-104.436646,9800,504.4334975369458,
39.728844,-104.39447,12000,466.3089522733691,
39.681976,-104.237266,9825,0.0,
39.855423,-104.38594,7500,-156.6068515497553,
39.876368,-104.508789,6825,-237.5257731958763,
39.87735,-104.629311,5100,-48.301886792452834,
39.730613,-104.160645,9950,-221.17855560478512,
39.867325,-104.317335,8825,-16.923754958131337,
39.876135,-104.49231,7025,-285.1485148514852,
39.877299,-104.622925,5125,-166.95652173913044,
39.465823,-104.50769,12300,-311.43552311435525,
39.605806,-104.591614,8725,-315.65967940813806,
39.748209,-104.6427,7000,-204.25531914893617,
39.841232,-104.641611,5300,-49.87012987012987,
39.840866,-104.714156,5375,415.13513513513516,
39.84136,-104.770813,6975,309.6774193548387,
39.843338,-104.852799,9450,665.8064516129032,
39.84407,-104.971977,10900,494.07540394973074,
39.841599,-105.130144,15500,631.390134529148,
39.984415,-104.822304,13150,-249.96900185988838,
39.792993,-104.808838,10800,-29.190421892816417,
39.52652,-104.813511,9825,30.634224172317513,
39.507523,-104.73189,9825,-15.757078375051293,
39.636337,-104.689915,9625,-310.33602722245854,
39.780656,-104.68811,6800,-347.2340425531915,
39.873138,-104.687109,5125,-73.84615384615384,
40.154052,-105.043716,14800,-166.74937965260548,
40.011323,-104.700331,12075,-25.089839921594248,
39.876251,-104.499804,11250,-243.32673267326732,
39.714203,-104.503028,9500,-370.12048192771084,
39.629059,-104.531091,9050,74.02409638554217,
39.629883,-104.624057,8175,-282.63002944062805,
39.710083,-104.642865,7850,-228.57142857142858,
39.821869,-104.64185,5650,-208.9795918367347,
39.859935,-104.696533,5350,0.0,
39.877899,-104.696304,5375,374.15384615384613,
39.910118,-104.674988,6800,325.5689424364123,
39.902756,-104.605786,8800,617.1153073523503,
39.883863,-104.491699,11000,541.3649471323293,
39.840637,-104.232669,14875,392.93937068303916,
39.757473,-104.320679,8900,-134.84198205228248,
39.86412,-104.413585,7625,-417.1645844649647,
39.876572,-104.538913,6325,-325.4237288135593,
39.877396,-104.639043,5075,0.0,
39.673416,-104.195291,11075,-363.51118760757316,
39.818689,-104.309998,8875,-258.41184387617767,
39.876755,-104.468576,6800,-101.58730158730158,
39.876926,-104.572815,5825,-320.0,
39.877438,-104.641663,5100,-38.4,
39.857933,-104.696533,5400,39.183673469387756,
39.884375,-104.696167,5850,768.0,
39.930135,-104.695337,7250,405.99118942731275,
39.993988,-104.693665,9275,250.34407823252442,
40.100936,-104.726611,10975,247.28610855565776,
40.202774,-104.777893,15300,657.6487663280116,
40.063321,-104.794714,14300,-157.77496839443742,
39.890333,-104.502075,11475,-290.04926108374383,
39.742081,-104.501655,9575,-292.0152091254753,
39.629315,-104.536987,8075,16.16842105263158,
39.657246,-104.60144,8125,59.968766267568974,
39.774857,-104.642447,6550,-330.5960264900662,
39.845718,-104.641551,5325,-68.57142857142857,
39.864404,-104.696472,5350,26.301369863013697,
39.88619,-104.69635,6175,1213.7931034482758,
39.937042,-104.693359,8075,198.87005649717514,
39.995774,-104.70108,9400,270.92461938358707,
40.187714,-104.749268,11425,472.22555488902225,
39.95397,-104.441403,12700,-245.03190519598905,
39.790878,-104.500162,10450,-263.8167938931298,
39.513199,-104.506969,8800,15.058823529411764,
39.554412,-104.644531,8800,0.0,
39.693045,-104.643372,7950,-367.6595744680851,
39.793121,-104.642208,5975,-338.1132075471698,
39.8573,-104.696542,5400,44.13793103448276,
39.876114,-104.696304,5375,266.951871657754,
39.913651,-104.679645,6825,223.58078602620088,
39.969798,-104.631792,8625,645.7567461869379,
40.009181,-104.553764,10075,36.52504755865568,
39.455349,-104.590637,10075,-14.982442450253608,
39.656874,-104.643921,8825,-353.4728033472803,
39.755146,-104.642761,6950,-409.6,
39.84169,-104.641611,5400,-62.950819672131146,
39.863752,-104.696472,5350,0.0,
39.882294,-104.696184,5825,1265.6983240223465,
39.911049,-104.695557,7500,278.7269681742044,
39.961716,-104.691956,8475,801.670146137787,
40.112993,-104.710132,10375,236.01720958819917,
40.050247,-104.340271,13875,-226.6972777959987,
39.889618,-104.497953,11175,-318.83095317170375,
39.70026,-104.502991,8850,-148.8372093023256,
39.5457,-104.544883,8825,31.501230516817063,
39.573732,-104.640564,8825,0.0,
39.739197,-104.642865,7025,-343.57894736842104,
39.832795,-104.641724,5225,-224.41558441558442,
39.483765,-104.884922,12075,-133.17919075144508,
39.589047,-104.783203,9175,-460.50290135396517,
39.64761,-104.738281,9250,331.66986564299424,
39.754587,-104.688904,7525,-286.40275387263335,
39.852626,-104.687378,5675,-280.2919708029197,
39.840848,-104.709045,5350,176.55172413793105,
39.855286,-104.74831,6825,303.21489001692044,
39.911468,-104.751648,8000,721.6313474610156,
40.007172,-104.749878,11225,505.60432140445647,
40.149399,-104.679871,16550,447.05882352941177,
40.00502,-104.388184,13225,-346.08150470219437,
39.869568,-104.498789,11150,-287.244094488189,
39.640503,-104.504341,8825,-15.17786561264822,
39.505579,-104.553406,8825,15.980024968789014,
39.565704,-104.638446,8825,35.837610825944935,
39.7164,-104.643104,7450,-326.8085106382979,
39.817339,-104.641968,5525,-277.89473684210526,
40.11351,-105.100281,15875,-204.4270103670496,
40.026443,-104.877075,12975,11.098265895953757,
39.88889,-104.806458,11050,-130.16949152542372,
39.698135,-104.804077,9475,-244.29423459244532,
39.691369,-104.716797,8325,-155.4655870445344,
39.780656,-104.688171,6950,-283.6363636363636,
39.870688,-104.687134,5275,-58.62595419847328,
39.877438,-104.646606,5275,-28.235294117647058,
39.875716,-104.613281,6250,950.1508750754376,
39.855559,-104.547241,7725,546.276150627615,
39.777444,-104.535583,10325,385.92964824120605,
39.512421,-104.546376,15825,364.6176911544228,
39.769455,-104.295661,9550,-339.95975855130786,
39.857607,-104.469971,7650,-262.7368421052632,
39.876709,-104.551033,6150,-344.2758620689655,
39.877396,-104.637192,5125,-38.78787878787879,
39.484131,-104.887549,12550,-430.2176696542894,
39.5215,-104.703308,9300,-370.58236272878537,
39.557252,-104.645325,9100,-15.854665565648226,
39.649332,-104.644226,9050,-519.8253275109171,
39.773026,-104.642506,6575,-247.01754385964912,
39.847595,-104.641551,5425,-36.92307692307692,
39.857281,-104.696533,5350,-40.0,
39.872364,-104.696411,5375,532.0481927710844,
39.902158,-104.683289,6875,192.96482412060303,
39.905457,-104.613787,8250,279.6915167095116,
39.875656,-104.470129,10475,175.7437070938215,
39.816781,-104.170288,15250,293.62786745964314,
39.892521,-104.495483,12050,-229.13302913302914,
39.71148,-104.502991,9225,-342.3255813953488,
39.531097,-104.528583,8825,-15.900621118012422,
39.542633,-104.633908,8825,-39.73098810139679,
39.689713,-104.643223,8000,-352.86486486486484,
39.796391,-104.642212,5925,-279.73509933774835,
39.849106,-104.641491,5150,-49.87012987012987,
39.449437,-104.644592,12075,13.660618996798291,
39.610977,-104.690094,10400,-277.47892412685667,
39.716995,-104.689139,8200,-167.76699029126215,
39.802048,-104.687944,6550,-240.0,
39.873854,-104.687073,5375,-56.058394160583944,
39.862106,-104.696483,5450,0.0,
39.885498,-104.696184,6275,1021.0404624277456,
39.904175,-104.738338,7950,229.05837239028548,
39.848145,-104.806167,9925,173.3935394234109,
39.755493,-104.993472,11650,523.3597464342314,
39.694885,-104.239774,10300,-226.86096888538793,
39.857002,-104.376038,7725,-186.65488289880687,
39.876205,-104.495564,7025,-325.4237288135593,
39.877206,-104.613159,5250,-295.38461538461536,
39.465866,-104.828259,11250,-317.5740868366644,
39.60466,-104.726218,9000,0.0,
39.750916,-104.688482,7475,-299.7073170731707,
39.85556,-104.687228,5525,-388.8607594936709,
39.877487,-104.654448,5275,0.0,
39.87735,-104.632953,5225,-21.694915254237287,
39.874087,-104.593018,6650,597.2905168088308,
39.845969,-104.514343,8750,570.0799390940236,
39.770462,-104.489056,10925,205.60629921259843,
39.520802,-104.439514,16275,308.6967113276492,
39.909466,-104.480225,11850,-291.3103448275862,
39.803787,-104.502729,10600,-142.91030889467808,
39.558183,-104.506836,8825,30.75690828994794,
39.530252,-104.590881,8825,-32.39139603542809,
39.638206,-104.643982,8825,68.54082998661312,
39.720474,-104.642984,7400,-406.3492063492063,
39.821296,-104.641846,5425,-310.7514450867052,
39.455396,-104.724182,10725,-156.09756097560975,
39.641791,-104.689819,9450,-403.28767123287673,
39.780167,-104.688124,6800,-362.6666666666667,
39.871712,-104.687134,5150,-76.29139072847683,
39.840775,-104.696304,5425,0.0,
39.842239,-104.757863,6525,638.1766381766382,
39.881973,-104.818407,8875,768.9227072486984,
39.92157,-104.886658,10825,547.8260869565217,
39.935256,-105.006825,13275,718.5964912280701,
39.938329,-105.123555,16875,446.25217896571763,
40.065079,-104.800476,13100,0.0,
39.897549,-104.506775,11600,-243.2810936978993,
39.720604,-104.502625,9825,-261.8181818181818,
39.652039,-104.554258,8500,-403.67936925098553,
39.693924,-104.639461,8100,-169.16299559471366,
39.791456,-104.642273,6200,-340.253164556962,
39.845643,-104.641541,5325,-115.2,
39.869338,-104.696411,5300,23.272727272727273,
39.891264,-104.69635,6275,1259.3548387096773,
39.95343,-104.694763,8675,659.2274678111588,
40.039902,-104.689819,11075,624.390243902439,
40.229004,-104.691223,17100,233.29283110571083,
39.763525,-104.281433,9850,16.10738255033557,
39.863333,-104.36554,8050,-329.14285714285717,
39.876205,-104.502431,6850,0.0,
39.87735,-104.62955,5075,-23.414634146341463,
40.044662,-104.196838,16825,-12.577792335407795,
39.905975,-104.482971,11950,-333.57834948212496,
39.75752,-104.50177,10200,-343.5239206534422,
39.599854,-104.516044,8750,-248.54368932038835,
39.603758,-104.59845,7825,49.25181701581872,
39.686783,-104.686571,7825,-20.578778135048232,
39.802489,-104.687988,6375,-321.7877094972067,
39.877811,-104.687073,5125,-66.78260869565217,
39.656641,-104.201965,11325,-317.23052714398113,
39.804703,-104.322948,7975,-226.45324347093512,
39.867233,-104.434901,6825,19.472616632860042,
39.876709,-104.547212,6175,-476.8627450980392,
39.454046,-104.57373,9000,-340.9200968523002,
39.560989,-104.645134,8900,0.0,
39.708035,-104.643188,7650,-331.0344827586207,
39.810496,-104.642029,5700,-341.3333333333333,
40.197159,-104.937349,17100,-11.411589895988113,
40.017514,-104.711817,15025,-174.82926829268294,
39.87648,-104.500102,11625,-116.63854201822477,
39.693278,-104.503235,9675,-349.09090909090907,
39.51745,-104.514771,9075,0.0,
39.506696,-104.605591,8525,-328.20512820512823,
39.66243,-104.64376,8075,-59.07692307692308,
39.798718,-104.64209,6050,-285.25714285714287,
39.840729,-104.691945,5375,0.0,
39.840912,-104.725919,5550,687.7611940298508,
39.824602,-104.784973,7075,185.73155985489723,
39.784055,-104.882629,10100,868.4098939929329,
39.689181,-104.923218,13750,298.87920298879203,
39.500381,-104.814526,18175,377.5420439844761,
39.791794,-104.228131,9725,-237.14159682399648,
39.861008,-104.416988,6825,-84.17360806663744,
39.876414,-104.521423,6675,-331.85185185185185,
39.877345,-104.63147,5075,-25.43046357615894,
39.922989,-104.137939,10375,-486.46080760095015,
39.874374,-104.308856,9750,-134.14847161572052,
39.875931,-104.466666,7425,-361.8848167539267,
39.876973,-104.589844,5600,-337.2972972972973,
39.454147,-104.771357,11475,-346.08150470219437,
39.562326,-104.691162,9825,0.0,
39.731827,-104.688661,7700,-203.17460317460316,
39.837962,-104.6875,5725,-265.66037735849056,
40.046677,-104.192444,15425,-206.72947510094212,
39.884468,-104.496277,11900,-215.73033707865167,
39.706871,-104.502991,8775,-354.69879518072287,
39.654282,-104.577962,7825,-38.03863298662704,
39.69891,-104.62793,7325,-125.42188350571585,
39.788315,-104.642208,6075,-326.27450980392155,
39.857979,-104.696533,5375,0.0,
39.88754,-104.696289,5900,793.0434782608696,
39.912918,-104.666629,7300,299.1236611489776,
39.882559,-104.591064,8975,398.66518353726366,
39.822144,-104.427198,10025,58.80551301684533,
39.776327,-104.297791,12800,605.1739518287243,
39.513885,-104.681018,10775,-199.33259176863183,
39.650803,-104.689676,9625,-352.0,
39.722122,-104.68884,8050,-263.3142857142857,
39.829629,-104.687622,6050,-270.4225352112676,
39.840709,-104.693359,5350,0.0,
39.839917,-104.733704,6475,1078.7682333873581,
39.813569,-104.805603,8800,279.57173447537474,
39.770322,-104.901611,10000,-65.82104902296881,
39.703752,-104.925232,12125,491.0163934426229,
39.503857,-104.819031,17275,386.85047720042417,
39.846853,-104.317627,8825,0.0,
39.875702,-104.445529,7825,-132.98701298701297,
39.876554,-104.539246,6350,-300.72289156626505,
39.877345,-104.635437,5075,-33.391304347826086,
39.499434,-104.415344,10100,-354.7671840354767,
39.562637,-104.570379,8825,-64.53781512605042,
39.686155,-104.643005,7825,0.0,
39.781494,-104.642334,6175,-195.6687898089172,
40.119556,-104.266496,15475,-204.39121756487023,
39.877853,-104.499027,11800,-214.30066271363796,
39.657349,-104.504162,8800,-151.77865612648222,
39.496033,-104.53945,8825,-48.5256950294861,
39.574493,-104.641193,8800,-33.89232127096205,
39.720108,-104.643044,7375,-335.73770491803276,
39.82489,-104.64179,5375,-303.1578947368421,
39.790898,-105.203003,35000,0.0,
39.958191,-104.444458,35000,0.0,
40.006109,-104.386846,13725,-203.37636544190664,
39.797881,-104.500854,10850,-161.83908045977012,
39.568518,-104.507141,8825,30.99273607748184,
39.545151,-104.589008,8825,0.0,
39.605247,-104.643738,8825,20.835594139989148,
39.762589,-104.642566,6575,-331.0344827586207,
39.844299,-104.641611,5175,-35.22935779816514,
39.44783,-104.734159,11000,-345.94594594594594,
39.58667,-104.690154,9800,-114.82272533105511,
39.681453,-104.689331,8500,-293.7704918032787,
39.806074,-104.687866,6325,-412.3489932885906,
39.877392,-104.687073,5150,-38.01980198019802,
39.448288,-104.726576,10475,-184.20664206642067,
39.593033,-104.690393,9800,-82.75862068965517,
39.768906,-104.688362,7025,-308.02139037433153,
39.871805,-104.687134,5150,-69.39759036144578,
39.448425,-104.691945,10500,-352.0,
39.687459,-104.68927,8625,-422.90748898678413,
39.813522,-104.687744,6175,-384.0,
39.696442,-104.177498,11150,-349.09090909090907,
39.794901,-104.259277,8750,-391.83673469387753,
39.867691,-104.457948,7325,-211.3056528264132,
39.87674,-104.555237,6100,-333.70577281191805,
39.856934,-104.696542,5375,0.0,
39.884468,-104.696228,5750,989.6907216494845,
39.912231,-104.667644,7225,452.994555353902,
39.888107,-104.603636,9175,520.9302325581396,
39.823929,-104.431856,10025,0.0,
39.764694,-104.262344,12700,605.8123443122059,
39.545975,-104.707589,10250,-244.79388015299617,
39.692184,-104.689198,8500,-400.37914691943126,
39.823903,-104.687683,5975,-300.72289156626505,
40.150497,-105.038452,15850,-211.66231505657095,
39.946701,-104.805542,12700,-210.2415458937198,
39.7247,-104.810364,9825,-340.64516129032256,
39.663162,-104.791956,8825,-15.737704918032787,
39.693008,-104.710455,8025,-353.48837209302326,
39.805236,-104.687927,6350,-364.55696202531647,
39.876297,-104.687049,5150,-36.22641509433962,
40.046097,-104.193899,15375,-207.91878172588832,
39.885026,-104.496155,11900,-229.29399367755533,
39.644714,-104.504461,9575,-256.9067296340024,
39.535858,-104.536405,8825,-49.02127659574468,
39.56889,-104.643433,8825,0.0,
39.751282,-104.642639,6775,-355.1445086705202,
39.844107,-104.641602,5150,-29.53846153846154,
39.460052,-104.536166,10825,-381.2940422805894,
39.541471,-104.657349,9850,28.937452901281087,
39.655338,-104.689636,9000,-296.81159420289856,
39.785706,-104.688124,6725,-328.5561497326203,
39.870804,-104.687168,5150,-113.77777777777777,
39.479507,-104.844559,12075,-334.9260523321957,
39.569775,-104.775574,10050,-253.9089848308051,
39.67191,-104.704102,8100,0.0,
39.775772,-104.688243,7075,-277.3333333333333,
39.855331,-104.687288,5600,-367.05882352941177,
39.859909,-104.696542,5250,33.68421052631579,
39.876135,-104.696289,5300,569.6703296703297,
39.912166,-104.695496,7200,517.7528089887641,
39.966307,-104.694526,8350,336.57370517928285,
40.084305,-104.717651,10375,261.9032153296525,
40.260656,-104.807573,15450,365.7142857142857,
40.021704,-104.712566,12825,0.0,
39.893033,-104.502991,11525,-219.84732824427482,
39.676392,-104.480339,9475,-148.60681114551085,
39.533324,-104.50647,8925,-79.37164117403886,
39.550642,-104.638489,8825,0.0,
39.718689,-104.643104,7400,-320.0,
39.817153,-104.641907,5525,-330.5960264900662,
39.856796,-104.696542,5250,42.666666666666664,
39.870968,-104.696411,5225,323.855421686747,
39.901886,-104.703767,6825,397.9274611398964,
39.90132,-104.748535,7425,345.6751467710372,
39.854416,-104.870294,9900,13.817920115149336,
39.84555,-105.025574,11850,688.348271446863,
39.473877,-104.740906,11700,-280.9756097560976,
39.581451,-104.690452,10375,-116.8695652173913,
39.738806,-104.68866,7625,-352.86486486486484,
39.848203,-104.687378,5525,-281.6,
40.048508,-104.188965,16800,-100.3921568627451,
39.902577,-104.486267,11625,-351.3385293120976,
39.750458,-104.501774,9950,-316.04938271604937,
39.694794,-104.56805,8425,-292.83172343670566,
39.463715,-104.569185,12025,-357.2815533980583,
39.44783,-104.692124,10575,-310.468085106383,
39.673874,-104.689437,8925,-355.24229074889865,
39.760825,-104.688293,7200,-381.878453038674,
39.858445,-104.687256,5325,-346.6666666666667,
39.854736,-104.696542,5150,-60.0,
39.872457,-104.69635,5150,0.0,
39.906533,-104.69458,6400,363.47438752783967,
39.447968,-104.626385,11075,-54.73984319315751,
39.574539,-104.644835,10600,-371.61290322580646,
39.676146,-104.643677,8450,-18.55072463768116,
39.779205,-104.642387,6475,-263.013698630137,
39.844116,-104.641611,5375,-73.14285714285714,
39.840912,-104.728427,5775,763.8709677419355,
39.816408,-104.807434,7600,428.4297520661157,
39.766225,-104.90863,11275,564.0837311788468,
39.638626,-104.868084,15625,601.2646793134597,
40.019028,-104.250732,13550,-235.42234332425068,
39.897083,-104.493225,11575,-297.6744186046512,
39.750687,-104.501714,9875,-341.6949152542373,
39.695343,-104.571872,8025,-367.88321167883214,
39.74132,-104.641785,6850,-20.136339800734138,
39.835052,-104.641671,5175,-264.0,
39.840802,-104.713806,5325,651.2280701754386,
39.829303,-104.777954,7150,470.3576678098971,
39.796996,-104.850891,9250,540.0,
40.124451,-105.054932,35025,0.0,
40.04361,-104.198975,14450,-206.31296171927468,
39.896106,-104.491821,11650,-260.7809847198642,
39.727432,-104.50255,9200,-300.0,
39.531509,-104.524109,8850,96.12015018773467,
39.538585,-104.617188,8825,0.0,
39.69928,-104.643283,7800,-347.2340425531915,
39.813662,-104.642029,5575,-327.8048780487805,
39.840848,-104.712524,5275,668.7640449438202,
39.841324,-104.765864,6850,342.1782178217822,
39.842789,-104.87931,9450,435.0,
39.85905,-104.696533,5375,0.0,
39.886414,-104.696125,5825,734.4262295081967,
39.93837,-104.660461,7600,310.99744245524295,
39.964554,-104.567932,10150,549.7206703910615,
39.897034,-104.444991,14575,359.3262632563942,
39.924037,-104.205759,19150,370.1928087545597,
39.611392,-104.644348,9075,-55.65217391304348,
39.696213,-104.643402,7975,-463.44827586206895,
39.765427,-104.642566,6700,-281.6,
39.844014,-104.641602,5325,-62.950819672131146,
39.840709,-104.725769,5850,869.3539480949752,
39.816422,-104.800316,7875,378.2441113490364,
39.765198,-104.907432,11225,387.37390172469895,
39.634827,-104.867726,15825,525.8861439312567,
39.461866,-104.586487,8900,-179.13486005089058,
39.604363,-104.64447,8850,0.0,
39.745605,-104.642745,6875,-390.16042780748666,
39.833633,-104.641724,5175,-261.2244897959184,
39.840662,-104.687622,5400,0.0,
39.840941,-104.726318,6150,983.4146341463414,
39.829514,-104.767655,7275,242.56559766763846,
39.806539,-104.8255,9375,807.5536480686695,
39.788942,-104.872131,10025,0.0,
39.744324,-105.043269,12825,445.55725190839695,
39.518614,-104.838989,10875,-347.30633110499406,
39.625172,-104.750488,9650,-287.4704491725768,
39.703903,-104.692005,8675,-357.5418994413408,
39.767853,-104.688064,7250,-111.84466019417475,
39.838989,-104.687467,5925,-346.83870967741933,
39.880464,-104.687012,5400,-39.183673469387756,
39.877441,-104.647343,5400,-55.65217391304348,
39.877396,-104.619758,5975,1242.2876949740034,
39.866226,-104.573723,7200,271.31417804992935,
39.841919,-104.496102,8750,115.18560179977503,
39.801791,-104.393921,10625,199.73992197659297,
39.700287,-104.364087,13925,442.2764227642277,
39.518829,-104.467442,18200,228.0,
39.621913,-104.690247,9475,-201.22270742358077,
39.756546,-104.688482,7250,-375.44812601846826,
39.853638,-104.687347,5425,-307.2,
39.465866,-104.828259,11250,-317.5740868366644,
39.60466,-104.726218,9000,0.0,
39.750916,-104.688482,7475,-299.7073170731707,
39.85556,-104.687228,5525,-388.8607594936709,
39.877487,-104.654448,5275,0.0,
39.87735,-104.632953,5225,-21.694915254237287,
39.874087,-104.593018,6650,597.2905168088308,
39.845969,-104.514343,8750,570.0799390940236,
39.770462,-104.489056,10925,205.60629921259843,
39.520802,-104.439514,16275,308.6967113276492,
39.909466,-104.480225,11850,-291.3103448275862,
39.803787,-104.502729,10600,-142.91030889467808,
39.558183,-104.506836,8825,30.75690828994794,
39.529587,-104.588232,8825,-16.10062893081761,
39.624252,-104.644417,8825,17.142857142857142,
39.720474,-104.642984,7400,-406.3492063492063,
39.821296,-104.641846,5425,-310.7514450867052,
39.864853,-104.696423,5175,28.444444444444443,
39.894562,-104.695886,5800,997.9010494752624,
39.677869,-104.187317,10900,-319.88409996378124,
39.81395,-104.318171,8350,-197.28440366972478,
39.875336,-104.496161,6975,-329.53929539295393,
39.877075,-104.594561,5525,-259.4594594594595,
39.993028,-104.162313,11575,-97.9948960991615,
39.880511,-104.262573,9300,-353.02966987045545,
39.875977,-104.46583,7450,-329.6969696969697,
39.877159,-104.604004,5400,-313.9622641509434,
39.867416,-104.696423,5150,72.9113924050633,
39.900249,-104.695312,6550,675.1648351648352,
39.947845,-104.694519,8425,1079.447004608295,
40.008809,-104.694027,10025,582.2382671480144,
40.108896,-104.730981,12750,699.223880597015,
39.853821,-104.696602,5325,0.0,
39.863193,-104.696472,5325,0.0,
39.88916,-104.696244,6025,758.4650112866817,
39.900761,-104.743958,7625,400.75901328273244,
39.838943,-104.834469,10000,102.98850574712644,
39.745137,-104.883972,12325,443.5258358662614,
39.469315,-104.642822,18050,259.1093117408907,
39.889572,-104.494012,11950,-200.98135426889107,
39.719906,-104.502747,9250,-326.17760617760615,
39.526993,-104.52594,8825,-31.748656469615543,
39.539516,-104.653625,8825,-16.623376623376622,
39.68271,-104.643311,8125,-356.2886597938144,
39.795914,-104.642208,5900,-276.078431372549,
39.854874,-104.696542,5175,0.0,
39.874831,-104.69635,5150,68.98203592814372,
39.480162,-104.484253,9600,-238.8389771941949,
39.591794,-104.596863,9125,61.00079428117553,
39.688705,-104.643044,8200,-356.8141592920354,
39.744049,-104.642805,7250,-118.15384615384616,
39.815598,-104.641909,5825,-75.78947368421052,
39.857979,-104.638855,6775,154.56171735241503,
39.878128,-104.591456,8525,429.2347377472055,
39.829583,-104.500305,9100,31.244914564686734,
39.698119,-104.514099,8575,-331.7153434800494,
39.653595,-104.577663,8075,-48.792884371029224,
39.710358,-104.640476,8000,135.62058526740668,
39.788727,-104.642148,6275,-328.5561497326203,
39.85675,-104.696542,5350,0.0,
39.871387,-104.696411,5275,22.58823529411765,
39.900808,-104.696045,6875,999.7633136094674,
39.978783,-104.703577,9175,434.17085427135675,
40.084456,-104.746399,11200,584.0304182509506,
39.665314,-104.222399,10375,-333.1887201735358,
39.828279,-104.355408,7800,-373.8053097345133,
39.875856,-104.483826,6825,41.04756814537681,
39.877258,-104.616115,5200,-351.5492957746479,
39.454185,-104.737427,10600,-366.16915422885575,
39.589233,-104.691162,9025,-80.63838723225535,
39.760025,-104.688422,7200,-292.17391304347825,
39.86348,-104.687228,5225,-284.44444444444446,
39.448425,-104.691945,10500,-352.0,
39.687459,-104.68927,8625,-422.90748898678413,
39.813522,-104.687744,6175,-381.6149068322981,
39.451299,-104.742493,13000,-113.90903098220173,
39.602082,-104.642761,11200,-169.78629329403097,
39.721768,-104.642761,8500,-385.5773619351894,
39.795914,-104.642148,6250,-633.4020618556701,
39.850113,-104.641491,5350,-67.96460176991151,
39.840958,-104.728128,5650,813.3990147783251,
39.824799,-104.785986,7175,310.468085106383,
39.789093,-104.870831,9475,432.59481787457753,
39.7267,-104.92027,11325,375.4551584625758,
39.559161,-104.858765,15575,414.54545454545456,
39.539703,-104.675704,10100,-262.06342834203133,
39.707523,-104.689087,8225,-391.45631067961165,
39.820953,-104.687706,6025,-404.2105263157895,
40.152512,-105.041382,16825,-11.059907834101383,
39.958905,-104.806949,12825,-301.8867924528302,
39.735718,-104.810227,9975,-256.9067296340024,
39.67131,-104.761147,8850,-16.0,
39.722214,-104.693975,8475,-495.48387096774195,
39.810589,-104.687805,6275,-83.93442622950819,
39.874603,-104.687049,5100,-57.744360902255636,
39.465637,-104.840559,12400,-285.0779510022272,
39.59049,-104.69696,9775,-194.8414376321353,
39.739737,-104.68866,7600,-362.2641509433962,
39.834869,-104.687586,5750,-373.3333333333333,
39.879626,-104.687012,5175,0.0,
39.454147,-104.771357,11475,-346.08150470219437,
39.562326,-104.691162,9825,0.0,
39.731827,-104.688661,7700,-203.17460317460316,
39.837962,-104.6875,5725,-265.66037735849056,
39.858582,-104.696542,5400,0.0,
39.888794,-104.696005,6000,805.1612903225806,
39.953272,-104.693465,8050,519.344262295082,
40.029236,-104.693481,10150,-49.83776768332252,
40.095861,-104.647834,11750,755.9055118110236,
40.226301,-104.53098,19000,582.0141461771641,
39.579783,-104.685242,10625,-299.2616899097621,
39.708069,-104.689258,8625,-356.2886597938144,
39.791363,-104.687805,6800,-247.01754385964912,
39.866405,-104.687195,5375,-193.38129496402877,
39.840802,-104.701782,5400,0.0,
39.838009,-104.744934,6475,502.3547880690738,
39.808731,-104.81996,7725,321.865889212828,
39.76268,-104.906298,10900,483.9800995024876,
39.598823,-104.886047,15150,465.7681940700809,
39.688843,-104.238042,10350,-380.95238095238096,
39.836659,-104.361389,7525,-453.76661742983754,
39.876181,-104.488953,6800,21.215469613259668,
39.877167,-104.607159,5350,-356.57142857142856,
39.456141,-104.794861,12025,-92.2337870296237,
39.574631,-104.737801,10250,-370.12048192771084,
39.675262,-104.691467,8925,-220.6896551724138,
39.763138,-104.688422,7325,-324.7761194029851,
39.861145,-104.687317,5500,-259.1411042944785,
39.840683,-104.687527,5450,0.0,
39.841547,-104.726624,6575,1323.3644859813085,
39.842331,-104.790822,8400,550.9565217391304,
39.842743,-104.881638,10100,68.08510638297872,
39.825858,-104.990967,11650,661.6541353383459,
39.500365,-104.696533,11075,-76.76929228308677,
39.604019,-104.690333,9425,-364.13793103448273,
39.688568,-104.690333,8850,-414.3100511073254,
39.796555,-104.687765,6700,-362.2641509433962,
39.87148,-104.687134,5375,-33.68421052631579,
39.840709,-104.693359,5375,0.0,
39.840775,-104.720247,6100,768.0,
39.841686,-104.779846,7550,264.2201834862385,
39.842617,-104.869385,9575,663.0215827338129,
39.813755,-105.051697,14175,499.33396764985724,
39.5188,-104.692627,10200,-125.49019607843138,
39.679871,-104.689258,8775,-361.1992945326279,
39.806632,-104.687927,6300,-328.42105263157896,
39.877075,-104.687049,5150,0.0,
39.4487,-104.611279,11100,39.56043956043956,
39.596878,-104.689557,10075,-161.95698017714045,
39.731369,-104.688601,8175,-337.1707317073171,
39.829396,-104.687622,6050,-423.8961038961039,
39.876846,-104.687049,5325,-69.1891891891892,
39.840866,-104.709798,5375,0.0,
39.839722,-104.747713,6625,792.6605504587156,
39.807191,-104.822998,9400,527.0588235294117,
39.773758,-104.899073,12525,396.14855570839063,
39.637741,-104.908508,16325,446.3962800309997,
39.522171,-104.837753,20350,555.8151345860842,
39.782192,-104.228882,8800,-138.62815884476535,
39.863525,-104.367848,8400,-271.1043872919818,
39.876846,-104.513656,6800,-419.672131147541,
39.877345,-104.629639,5100,-46.54545454545455,
40.202545,-104.942078,15325,-216.60921341272328,
39.984604,-104.651367,11350,-103.05266689030526,
39.969612,-104.539344,11025,99.65397923875433,
39.946987,-104.383663,9625,-247.12871287128712,
39.888245,-104.382656,8200,-326.9824374667376,
39.877997,-104.486145,7050,0.0,
39.877213,-104.614742,5475,-368.2191780821918,
39.864078,-104.696472,5450,26.482758620689655,
39.89173,-104.695984,6175,901.2244897959183,
39.954987,-104.688599,8400,343.7779767233661,
39.974533,-104.609558,9550,351.5492957746479,
39.941867,-104.485411,10550,366.91927512355846,
39.880231,-104.266846,13875,268.83225987118453,
39.814728,-104.241386,8825,-34.10301953818828,
39.875204,-104.401489,7800,16.83472161332749,
39.876434,-104.521896,6625,-171.62011173184356,
39.877345,-104.632874,5125,0.0,
39.840709,-104.69281,5425,35.55555555555556,
39.841232,-104.734218,6375,975.7199322416714,
39.84164,-104.804993,7925,196.08510638297872,
39.839917,-104.929443,10650,579.0267306374228,
39.785934,-105.187464,17250,404.0816326530612,
39.533752,-104.667106,9775,-244.68339307048984,
39.674145,-104.643677,8500,-320.0,
39.781448,-104.642447,6425,-313.9622641509434,
39.846634,-104.641551,5425,-33.982300884955755,
39.840802,-104.715149,5500,720.0,
39.826743,-104.775085,7750,343.5387673956263,
39.776138,-104.89758,9700,393.08153900458876,
39.679033,-104.88855,11850,247.30679156908664,
39.472946,-104.768799,17675,581.177765547606,
39.566391,-104.690751,9800,-18.823529411764707,
39.713481,-104.688965,8100,-305.45454545454544,
39.83139,-104.687586,5850,-333.9130434782609,
39.492828,-104.452395,10750,-134.56514813634917,
39.616373,-104.592102,9050,-326.3456090651558,
39.729076,-104.642883,7075,-17.843866171003718,
39.806074,-104.642029,5950,-289.811320754717,
39.840755,-104.697693,5375,-28.65671641791045,
39.840755,-104.742493,6175,788.0597014925373,
39.807312,-104.828199,8400,719.7188598203826,
39.740435,-104.917908,11725,449.5609756097561,
39.620865,-104.844559,16225,467.73618538324416,
39.728983,-104.228821,9875,-205.2691867124857,
39.8523,-104.356873,7925,-113.6094674556213,
39.876321,-104.505249,6850,36.74641148325359,
39.877121,-104.603457,5375,-247.74193548387098,
39.685318,-104.183588,11175,-401.9188835586568,
39.809235,-104.283719,9125,-259.34263845114816,
39.875107,-104.45962,6825,52.26860254083484,
39.876787,-104.562622,5975,-370.12048192771084,
39.877441,-104.644178,5125,34.5945945945946,
39.876114,-104.696304,5150,21.0989010989011,
39.909073,-104.695945,6475,745.0746268656717,
39.854162,-104.696594,5350,0.0,
39.871719,-104.696363,5350,0.0,
39.908396,-104.695007,6450,609.8464796188459,
39.919847,-104.657837,6950,258.41184387617767,
39.895361,-104.600586,7800,335.1272727272727,
39.851043,-104.49353,10050,114.28571428571429,
39.843613,-104.474965,9900,-90.11062688568555,
39.837217,-104.45929,9950,183.1686541737649,
39.830292,-104.442722,10000,52.15619694397284,
39.810104,-104.376924,10025,0.0,
39.790153,-104.164917,13350,336.94402420574886,
39.618189,-104.690369,9500,-259.24050632911394,
39.764099,-104.688303,7300,-360.0,
39.857002,-104.687317,5550,-272.3404255319149,
39.883025,-104.686951,5375,0.0,
39.877487,-104.650328,5325,-31.735537190082646,
39.877299,-104.627502,5550,976.6473988439307,
39.865661,-104.573914,6950,273.2447817836812,
39.839778,-104.489502,8575,231.67420814479638,
39.76561,-104.440872,10625,368.01057501652343,
39.503857,-104.408691,15725,356.25527129603597,
39.922302,-104.673017,12750,-168.36830566865018,
39.795087,-104.80957,10900,-160.5574912891986,
39.519699,-104.814228,9825,-30.793905372894947,
39.48896,-104.737183,9825,47.44645799011532,
39.609391,-104.690308,9600,-164.8068669527897,
39.730591,-104.688601,7775,-358.68131868131866,
39.843979,-104.687527,5600,-438.12080536912754,
39.882614,-104.686989,5175,0.0,
39.471588,-104.858173,12375,-178.397212543554,
39.630618,-104.694885,10075,-292.3076923076923,
39.726609,-104.689392,8125,-407.78761061946904,
39.805847,-104.687885,6575,-254.3046357615894,
39.877392,-104.687073,5400,-36.22641509433962,
39.854782,-104.696542,5350,0.0,
39.865814,-104.696423,5325,0.0,
39.896118,-104.694811,6375,940.3189066059226,
39.907196,-104.634028,7575,596.8911917098445,
39.88385,-104.513059,9825,360.7515657620042,
39.82489,-104.197441,14125,264.90066225165566,
39.896988,-104.494728,12050,-214.61077844311376,
39.710861,-104.502908,9675,-208.37209302325581,
39.502991,-104.516164,8825,62.08569118835893,
39.514938,-104.62943,8825,33.11772315653299,
39.655243,-104.644298,8650,-295.1008645533141,
39.774948,-104.642447,6300,-376.47058823529414,
39.847229,-104.641551,5150,-40.851063829787236,
39.858215,-104.696542,5400,39.183673469387756,
39.883211,-104.696228,5900,990.9677419354839,
39.929672,-104.664795,7625,282.842287694974,
39.967377,-104.617747,8150,498.19050870604303,
39.966568,-104.475708,11000,347.2404115996258,
39.920197,-104.240072,15975,481.43283582089555,
39.926788,-104.443787,12425,-360.080375083724,
39.808548,-104.50046,10525,-402.41837968561066,
39.553295,-104.506348,8825,0.0,
39.479789,-104.547852,8825,17.006200177147917,
39.521759,-104.641133,8800,-36.141176470588235,
39.712457,-104.643188,7550,-325.07936507936506,
39.805655,-104.642029,5750,-339.59183673469386,
40.039952,-104.206883,15450,-212.448132780083,
39.891541,-104.496042,12000,-230.26455026455025,
39.694977,-104.503207,9550,-224.12451361867704,
39.585983,-104.5333,8275,-285.03092783505156,
39.58942,-104.624634,7825,-20.104712041884817,
39.732605,-104.642984,7125,-337.5824175824176,
39.835419,-104.64173,5175,-160.95808383233532,
39.858078,-104.696483,5375,0.0,
39.881907,-104.696228,5350,19.393939393939394,
39.92548,-104.695213,7000,468.9280868385346,
39.987579,-104.693604,9000,385.4826254826255,
40.060867,-104.674622,10575,494.64406779661016,
40.205911,-104.552453,15350,414.8321167883212,
39.59887,-104.690186,10450,-520.9302325581396,
39.725098,-104.68884,8025,-323.16831683168317,
39.836243,-104.687586,5950,-338.1132075471698,
39.858398,-104.696533,5350,0.0,
39.873249,-104.69635,5325,0.0,
39.900101,-104.696065,6225,989.0909090909091,
39.975403,-104.698059,8600,527.2655943507258,
40.13706,-104.766124,10450,275.2259270800873,
39.73997,-104.235352,9825,0.0,
39.848282,-104.388507,7625,-337.7848860455818,
39.876297,-104.506789,6825,42.666666666666664,
39.877304,-104.625908,5100,-24.150943396226417,
40.046516,-104.192338,14450,-314.45669291338584,
39.898956,-104.489952,12100,-203.37636544190664,
39.861053,-104.499207,11475,-156.20338983050848,
39.847092,-104.499087,11450,-285.4054054054054,
39.833726,-104.499084,11175,-291.48514851485146,
39.81839,-104.499625,11050,-39.02439024390244,
39.803513,-104.500183,11025,-139.5856052344602,
39.69928,-104.545182,8650,-290.5422446406053,
39.720062,-104.63152,7050,-331.82909265482476,
39.779663,-104.642327,6400,-432.67605633802816,
39.840729,-104.694154,5450,0.0,
39.840454,-104.739055,6525,799.0487514863258,
39.807377,-104.822266,7775,60.735468564650056,
39.767575,-104.902466,8925,614.0724946695096,
39.696075,-104.926061,11700,512.0,
39.563782,-104.861696,17425,527.5650394621456,
39.516007,-104.8302,10850,-320.38140643623365,
39.64064,-104.734636,8975,0.0,
39.753935,-104.688782,7575,-539.3258426966293,
39.858771,-104.687256,5575,-217.87234042553192,
39.857025,-104.696542,5300,0.0,
39.870117,-104.696423,5350,670.843373493976,
39.895752,-104.69296,7275,932.3961661341853,
39.950638,-104.646057,8975,547.4213836477987,
40.03981,-104.573303,12800,454.28853105488,
40.221039,-104.433899,19950,277.75768535262205,
39.929169,-104.467651,12175,-417.8170690241414,
39.755658,-104.501221,9725,-253.02325581395348,
39.526154,-104.517716,8825,-30.683180183779463,
39.521576,-104.622086,8825,32.597623089983024,
39.63739,-104.644059,8800,19.692307692307693,
39.767016,-104.642395,6525,-300.33519553072625,
39.845457,-104.641541,5125,-102.85714285714286,
39.856934,-104.696542,5375,0.0,
39.884468,-104.696228,5750,989.6907216494845,
39.912231,-104.667644,7225,452.994555353902,
39.888107,-104.603636,9175,520.9302325581396,
39.823929,-104.431856,10025,0.0,
39.764694,-104.262344,12700,605.8123443122059,
39.545975,-104.707589,10250,-244.79388015299617,
39.692184,-104.689198,8500,-400.37914691943126,
39.823903,-104.687683,5975,-300.72289156626505,
39.477182,-104.875,11375,-234.77264042797097,
39.616885,-104.765503,9100,63.20987654320987,
39.693464,-104.710388,8250,-771.247357293869,
39.784332,-104.688183,6925,-353.1034482758621,
39.874649,-104.687109,5325,-56.058394160583944,
39.840775,-104.702155,5375,0.0,
39.840363,-104.746996,6325,789.1639420831387,
39.811148,-104.818665,8350,809.0518923136949,
39.765992,-104.906372,11400,526.9528501055595,
39.651194,-104.847961,15475,522.5279709706683,
39.749792,-104.162415,10375,-332.6115201385881,
39.845038,-104.297363,8825,52.6508226691042,
39.875856,-104.45636,7550,-257.319587628866,
39.877029,-104.596471,5475,-365.7142857142857,
39.858166,-104.696533,5375,0.0,
39.88266,-104.696304,5450,499.2,
39.924037,-104.695712,6850,301.7023134002619,
39.987579,-104.694336,8775,240.88560885608857,
40.047307,-104.684414,10100,128.90231621349446,
40.149445,-104.600586,12875,176.09630266552023,
39.508605,-104.633423,10050,-473.01231802911536,
39.579504,-104.644592,9300,-50.08695652173913,
39.732376,-104.642865,7300,-349.09090909090907,
39.839905,-104.641611,5375,-76.8,
39.84082,-104.705439,5350,-22.196531791907514,
39.839447,-104.745384,6625,846.3823670340201,
39.800034,-104.841873,9625,597.9977753058955,
39.746201,-104.915015,12850,225.21994134897363,
39.556368,-104.856445,17500,509.86722207758396,
39.704407,-104.270165,9725,-256.28476084538374,
39.842194,-104.387134,7200,-301.3077593722755,
39.876414,-104.504639,6825,-81.26984126984127,
39.877345,-104.6297,5100,-24.303797468354432,
40.044662,-104.196838,16825,-12.577792335407795,
39.905975,-104.482971,11950,-333.57834948212496,
39.75752,-104.50177,10200,-343.5239206534422,
39.599854,-104.516044,8750,-248.54368932038835,
39.603758,-104.59845,7825,49.25181701581872,
39.686783,-104.686571,7825,-20.578778135048232,
39.802489,-104.687988,6375,-321.7877094972067,
39.877811,-104.687073,5125,-66.78260869565217,
39.656641,-104.201965,11325,-317.23052714398113,
39.804703,-104.322948,7975,-226.45324347093512,
39.867233,-104.434901,6825,19.472616632860042,
39.876709,-104.547212,6175,-476.8627450980392,
39.44562,-104.667725,11050,-125.74703233729021,
39.578945,-104.690552,10025,34.5945945945946,
39.729675,-104.68878,7925,-325.07936507936506,
39.846435,-104.687378,5750,-368.2191780821918,
39.87886,-104.687049,5375,0.0,
39.840848,-104.727539,6175,986.8156424581006,
39.816055,-104.799181,7900,316.70103092783506,
39.786568,-104.872864,10450,961.7173524150269,
39.697328,-104.924438,14075,610.3888731195004,
39.497131,-104.811541,20675,408.30860534124633,
39.934744,-104.426984,12800,-168.13742000673628,
39.824203,-104.500102,10800,-66.66666666666667,
39.621075,-104.504761,8850,14.883720930232558,
39.548676,-104.643939,8850,0.0,
39.726656,-104.642883,7250,-358.68131868131866,
39.819717,-104.64185,5475,-398.961038961039,
39.662933,-104.196784,10850,-33.93725143614671,
39.806819,-104.310242,7975,-405.5688910225636,
39.87539,-104.474976,7300,-133.20118929633298,
39.877167,-104.608652,5325,-351.219512195122,
39.856676,-104.696533,5350,0.0,
39.870176,-104.696411,5350,23.414634146341463,
39.897308,-104.693378,6375,512.2732123799359,
39.90509,-104.630565,7900,838.8349514563107,
39.884125,-104.513477,10025,100.13037809647979,
39.839172,-104.250402,11975,136.7359050445104,
40.011292,-104.267273,15900,-326.97547683923705,
39.880464,-104.498474,11550,-165.5721393034826,
39.698639,-104.503207,8925,-312.5581395348837,
39.554306,-104.536285,8850,0.0,
39.569076,-104.653259,8850,0.0,
39.702774,-104.643311,7750,-385.8373205741627,
39.809332,-104.64209,5650,-298.92215568862275,
40.119556,-104.266496,15475,-204.39121756487023,
39.877853,-104.499027,11800,-214.30066271363796,
39.657349,-104.504162,8800,-151.77865612648222,
39.496033,-104.53945,8825,-48.5256950294861,
39.574493,-104.641193,8800,-33.89232127096205,
39.720108,-104.643044,7375,-335.73770491803276,
39.82489,-104.64179,5375,-303.1578947368421,
39.473099,-104.512939,11025,-197.87014771556164,
39.616791,-104.607099,9675,-77.76427703523693,
39.689274,-104.6427,8250,-317.0642201834862,
39.786987,-104.642148,6225,-502.85714285714283,
39.847133,-104.641541,5325,-91.42857142857143,
39.874741,-104.696363,5425,21.215469613259668,
39.923106,-104.694776,6825,487.56567425569176,
39.96167,-104.634949,8800,612.2358175750835,
39.932785,-104.526245,11875,561.6326530612245,
39.874786,-104.338711,15575,543.5470441298918,
39.475367,-104.550293,10425,-482.4833702882483,
39.62047,-104.643066,9025,-16.093880972338642,
39.74231,-104.642865,7075,-331.0344827586207,
39.840802,-104.641602,5275,-77.83783783783784,
39.862542,-104.696472,5250,0.0,
39.880511,-104.696289,5325,542.82722513089,
39.923676,-104.695496,7200,445.2173913043478,
39.996984,-104.693964,9225,364.24662531922655,
40.117182,-104.62711,12675,568.1159420289855,
40.115204,-104.271301,15425,-204.86828942980995,
39.878462,-104.499512,11800,-204.90928495197437,
39.725585,-104.502747,9225,-342.1929484695854,
39.503112,-104.511536,8825,77.04654895666133,
39.489798,-104.603455,8850,18.268315889628926,
39.63208,-104.644656,8825,20.74554294975689,
39.770741,-104.642456,6400,-314.3859649122807,
39.845078,-104.641551,5125,-98.46153846153847,
40.044514,-104.197457,16775,-113.83399209486166,
39.901971,-104.486633,11750,-330.46471600688466,
39.738433,-104.503113,9700,-427.3972602739726,
39.669908,-104.565002,8375,-213.54903943377147,
39.676193,-104.615051,7825,-184.22174840085287,
39.77237,-104.642395,6375,-279.27272727272725,
39.846621,-104.641541,5125,-96.80672268907563,
40.046677,-104.192444,15425,-206.72947510094212,
39.884468,-104.496277,11900,-215.73033707865167,
39.706871,-104.502991,8775,-354.69879518072287,
39.654282,-104.577962,7825,-38.03863298662704,
39.69891,-104.62793,7325,-125.42188350571585,
39.788315,-104.642208,6075,-326.27450980392155,
39.450508,-104.75647,10650,-294.00798934753664,
39.540214,-104.689331,9925,15.737704918032787,
39.739923,-104.68866,7650,-342.1782178217822,
39.830607,-104.687561,5925,-284.44444444444446,
39.859562,-104.696533,5225,0.0,
39.886276,-104.696065,5975,964.7058823529412,
39.900055,-104.731233,7375,601.9363762102352,
39.861008,-104.786105,9450,228.65649423148494,
39.770415,-104.929871,10100,320.81365782782416,
39.748215,-105.025774,13775,683.0309498399146,
39.705002,-105.159879,16950,564.5430959930816,
39.643707,-104.696781,9625,-336.0,
39.752655,-104.688482,7325,-364.8,
39.854302,-104.687317,5400,-305.1655629139073,
39.856796,-104.696542,5250,42.666666666666664,
39.870968,-104.696411,5225,323.855421686747,
39.901886,-104.703767,6825,397.9274611398964,
39.90132,-104.748535,7425,345.6751467710372,
39.854416,-104.870294,9900,13.817920115149336,
39.84555,-105.025574,11850,688.348271446863,
39.473877,-104.740906,11700,-280.9756097560976,
39.581451,-104.690452,10375,-116.8695652173913,
39.738806,-104.68866,7625,-352.86486486486484,
39.848203,-104.687378,5525,-281.6,
39.499434,-104.415344,10100,-354.7671840354767,
39.562637,-104.570379,8825,-64.53781512605042,
39.686155,-104.643005,7825,0.0,
39.781494,-104.642334,6175,-195.6687898089172,
40.215225,-104.953979,16850,-55.716773070226346,
39.953568,-104.804932,12625,-270.336,
39.729446,-104.810287,10075,-165.64705882352942,
39.656129,-104.780701,9000,-207.6539101497504,
39.686667,-104.699951,8600,-192.08731241473396,
39.784424,-104.688124,6725,-419.3103448275862,
39.871899,-104.687134,5100,-55.25179856115108,
39.803421,-105.167641,35000,0.0,
39.960754,-104.429077,35000,0.0,
39.989548,-104.404419,13450,-190.66534260178747,
39.786758,-104.501117,10700,-193.48837209302326,
39.565796,-104.508222,8825,15.490116982654296,
39.544497,-104.598999,8825,0.0,
39.611066,-104.64386,8825,0.0,
39.767624,-104.642506,6475,-386.2721893491124,
39.844805,-104.641602,5175,-39.58762886597938,
40.198929,-104.938904,17025,-95.94003747657715,
39.961512,-104.805138,13150,-233.6713995943205,
39.74881,-104.810048,10425,-310.468085106383,
39.692021,-104.761963,9175,-292.0152091254753,
39.728937,-104.69043,7925,-313.78958120531155,
39.830653,-104.687561,6075,-261.8181818181818,
39.877533,-104.655821,5450,0.0,
39.87735,-104.634207,5500,514.8603351955308,
39.8741,-104.591098,7175,300.15633142261595,
39.855835,-104.527747,8600,799.6856581532417,
39.828931,-104.438599,10725,672.5496800269451,
39.783554,-104.254164,15250,334.1134113411341,
39.571381,-104.503147,7875,-250.61638868745467,
39.695663,-104.600173,7275,-156.23869801084993,
39.763504,-104.642447,6525,-412.9032258064516,
39.847086,-104.641541,5125,-96.80672268907563,
40.150497,-105.038452,15850,-211.66231505657095,
39.946701,-104.805542,12700,-210.2415458937198,
39.7247,-104.810364,9825,-340.64516129032256,
39.663162,-104.791956,8825,-15.737704918032787,
39.693008,-104.710455,8025,-353.48837209302326,
39.805236,-104.687927,6350,-364.55696202531647,
39.876297,-104.687049,5150,-36.22641509433962,
39.464334,-104.517029,10950,-159.89750160153747,
39.633551,-104.644836,9050,-125.0814332247557,
39.742813,-104.688542,7500,-389.8477157360406,
39.853045,-104.687317,5425,-351.219512195122,
39.840729,-104.692602,5400,39.183673469387756,
39.84137,-104.742757,6075,759.8455598455599,
39.814593,-104.812561,7950,739.622641509434,
39.771606,-104.901402,9700,120.67039106145252,
39.729767,-104.921165,10875,471.9699556162513,
39.611984,-104.907373,14925,608.1447963800905,
39.502507,-104.791809,14050,-194.36887061056626,
39.567494,-104.644958,11375,-280.1945795691452,
39.659088,-104.643104,9500,-373.3333333333333,
39.722838,-104.643433,7900,-616.0427807486631,
39.819667,-104.641907,5700,-291.6455696202532,
39.840802,-104.700989,5375,0.0,
39.841267,-104.74054,5900,869.433962264151,
39.815369,-104.814168,7800,678.7117046347212,
39.773022,-104.917114,10675,458.4269662921348,
39.706359,-105.155457,16175,554.1791942273001,
39.534805,-104.720784,10200,-247.4898236092266,
39.643295,-104.689975,9525,-390.50847457627117,
39.775116,-104.688293,6850,-331.0344827586207,
39.871899,-104.687134,5150,-24.935064935064936,
39.654007,-104.203531,11175,-332.9479768786127,
39.8226,-104.343323,8100,-77.95371498172959,
39.867523,-104.420288,6825,-101.23022847100177,
39.876787,-104.550903,6150,-312.5581395348837,
39.877392,-104.637146,5075,-64.0,
39.477905,-104.869876,12050,-126.9654665686995,
39.582251,-104.787476,10050,0.0,
39.710874,-104.693726,8250,-271.05882352941177,
39.813429,-104.687805,6400,-325.8181818181818,
39.878677,-104.687049,5350,-73.84615384615384,
39.840895,-104.735107,6175,795.0310559006211,
39.864543,-104.790527,7450,219.07090464547676,
39.906738,-104.839604,10050,450.3518373729476,
39.989273,-104.82312,12450,407.9845460399227,
40.138643,-104.701143,16775,276.18257261410787,
39.483765,-104.696125,9825,-89.30232558139535,
39.685643,-104.689087,8625,-332.46753246753246,
39.807312,-104.687825,6300,-263.3142857142857,
39.450554,-104.724182,11350,-286.0927152317881,
39.604019,-104.690333,9350,-290.4201680672269,
39.732513,-104.688661,7875,-325.07936507936506,
39.845597,-104.687378,5750,-331.51079136690646,
39.878835,-104.687012,5350,0.0,
39.84082,-104.705678,5325,73.37579617834395,
39.84001,-104.756104,6800,325.07936507936506,
39.84256,-104.837991,8500,399.2003198720512,
39.831445,-104.963745,11225,494.7472745292369,
39.497851,-104.693787,10575,-144.0,
39.706421,-104.68878,8225,-343.50282485875704,
39.790153,-104.688049,6600,-353.37423312883436,
39.871216,-104.687109,5150,-31.21951219512195,
39.460052,-104.536166,10825,-381.2940422805894,
39.541471,-104.657349,9850,28.937452901281087,
39.655338,-104.689636,9000,-296.81159420289856,
39.785706,-104.688124,6725,-328.5561497326203,
39.870804,-104.687168,5150,-113.77777777777777,
39.479507,-104.844559,12075,-334.9260523321957,
39.569775,-104.775574,10050,-253.9089848308051,
39.67191,-104.704102,8100,0.0,
39.775772,-104.688243,7075,-277.3333333333333,
39.855331,-104.687288,5600,-367.05882352941177,
39.859909,-104.696542,5250,33.68421052631579,
39.876135,-104.696289,5300,569.6703296703297,
39.912166,-104.695496,7200,517.7528089887641,
39.966307,-104.694526,8350,336.57370517928285,
40.084305,-104.717651,10375,261.9032153296525,
40.260656,-104.807573,15450,365.7142857142857,
40.021704,-104.712566,12825,0.0,
39.893033,-104.502991,11525,-219.84732824427482,
39.676392,-104.480339,9475,-148.60681114551085,
39.533324,-104.50647,8925,-79.37164117403886,
39.550642,-104.638489,8825,0.0,
39.718689,-104.643104,7400,-320.0,
39.817153,-104.641907,5525,-330.5960264900662,
39.456606,-104.574036,10850,75.85934413275385,
39.549245,-104.690063,10475,-159.58441558441558,
39.724561,-104.688843,7875,-325.07936507936506,
39.837845,-104.687527,5700,-327.8048780487805,
40.047409,-104.191162,16775,-177.601585728444,
39.898759,-104.489746,11575,-361.77658142664876,
39.738464,-104.50255,10000,-286.3157894736842,
39.638947,-104.523866,8175,-230.5773672055427,
39.657669,-104.58865,7825,0.0,
39.766411,-104.642212,6500,-390.66427289048477,
39.846817,-104.641551,5125,-99.3103448275862,
39.840729,-104.692602,5450,35.22935779816514,
39.841128,-104.73822,6725,1103.2044198895028,
39.842468,-104.827184,8725,257.0281124497992,
39.840709,-104.897949,9525,446.35897435897436,
39.815896,-105.022339,13525,682.1439509954058,
39.477539,-104.849575,11275,-334.7990902198635,
39.585846,-104.713559,10075,-104.75448168355416,
39.716629,-104.689019,8225,-493.7142857142857,
39.832993,-104.687646,6050,-256.0,
39.879812,-104.687012,5425,-36.57142857142857,
39.866173,-104.696411,5375,178.01324503311258,
39.896571,-104.696106,7150,954.1818181818181,
39.960892,-104.694702,8450,0.0,
40.032923,-104.693839,10175,484.41868394135696,
40.202454,-104.777832,14200,433.5842501447597,
39.906967,-104.482011,12350,-224.97253753203952,
39.750458,-104.501655,10575,-33.83259911894273,
39.66907,-104.523865,8450,-345.0134770889488,
39.662134,-104.613831,7350,40.421052631578945,
39.760117,-104.642626,6625,-411.42857142857144,
39.843384,-104.641611,5150,-63.47107438016529,
39.489286,-104.457764,12600,-210.0,
39.858305,-104.696533,5400,0.0,
39.885773,-104.696184,6050,853.3333333333334,
39.935722,-104.694901,7675,397.2413793103448,
40.009644,-104.69342,9725,290.2095499828238,
40.139015,-104.745712,12375,628.0373831775702,
40.090256,-104.957581,13425,-209.36497754971134,
39.919281,-104.806048,11400,-325.4237288135593,
39.735855,-104.809869,10100,-332.33674272226597,
39.693008,-104.739592,8675,-305.0167224080268,
39.743546,-104.689019,7650,-288.87694787748524,
39.795041,-104.687866,6800,-351.1430437622469,
39.873138,-104.687109,5375,-66.20689655172414,
39.864487,-104.696483,5350,0.0,
39.892754,-104.695984,6550,829.6296296296297,
39.911591,-104.662807,7150,106.66666666666667,
39.887009,-104.545779,9500,527.2914521112256,
39.852533,-104.34198,13800,532.1266968325791,
39.954071,-104.255859,9850,46.54545454545455,
39.878036,-104.360265,7975,-205.80616346583295,
39.876181,-104.50946,6800,-500.0,
39.877213,-104.614384,5250,-236.7123287671233,
39.472229,-104.485593,11175,-292.0152091254753,
39.840729,-104.692781,5450,36.92307692307692,
39.841174,-104.731812,6350,927.6404494382023,
39.842152,-104.81427,8250,229.74358974358975,
39.842291,-104.8927,9250,574.6938775510204,
39.823425,-105.000697,11900,410.2838063439065,
39.502213,-104.517597,10925,-269.9751861042183,
39.448506,-104.705322,11325,-276.5906362545018,
39.60399,-104.690247,9950,-18.46153846153846,
39.760918,-104.688416,7275,-233.37016574585635,
39.853088,-104.687347,5550,-254.11764705882354,
39.864869,-104.696472,5150,0.0,
39.89443,-104.694214,6100,749.5817066369214,
39.945125,-104.650518,8050,732.5137770241628,
40.052568,-104.547896,10000,348.11715481171547,
40.090714,-104.428101,13800,564.1763050953423,
39.995544,-104.292297,17725,347.51131221719453,
39.494546,-104.439941,11050,13.646055437100214,
39.551759,-104.605713,9275,-391.83673469387753,
39.644348,-104.643581,9000,-263.4002939735424,
39.774465,-104.642517,6500,-283.6363636363636,
39.857421,-104.696533,5450,0.0,
39.877167,-104.696363,5675,915.2331606217616,
39.904633,-104.700901,7350,540.084388185654,
39.903787,-104.76239,9875,619.5927775643488,
39.855512,-104.794983,10875,635.2059925093633,
39.825668,-104.871309,13750,767.7673432293244,
39.775772,-105.007085,17250,478.0514208389716,
